customer_id,tenure_months,monthly_charges,total_charges,contract_type,payment_method,support_tickets_30d,is_churned
CUST-00000,7,23.39,163.74,one_year,mailed_check,6,0
CUST-00001,56,88.3,5059.8,month-to-month,credit_card,4,1
CUST-00002,48,115.05,5350.21,month-to-month,electronic_check,6,1
CUST-00003,32,102.92,3274.77,two_year,mailed_check,1,0
CUST-00004,32,47.72,1532.0,one_year,mailed_check,2,0
CUST-00005,62,25.33,1607.61,month-to-month,bank_transfer,0,0
CUST-00006,7,114.04,835.32,one_year,bank_transfer,5,0
CUST-00007,51,113.71,6000.99,month-to-month,electronic_check,5,0
CUST-00008,15,73.24,1111.97,two_year,bank_transfer,2,1
CUST-00009,7,84.23,594.55,one_year,electronic_check,3,1
CUST-00010,38,66.26,2543.86,month-to-month,credit_card,4,0
CUST-00011,71,61.98,4420.21,month-to-month,electronic_check,6,0
CUST-00012,53,31.94,1618.47,month-to-month,bank_transfer,2,0
CUST-00013,55,29.68,1664.51,one_year,mailed_check,3,0
CUST-00014,52,43.27,2298.89,month-to-month,bank_transfer,1,0
CUST-00015,57,103.66,5916.23,one_year,electronic_check,6,1
CUST-00016,37,34.58,1326.97,month-to-month,mailed_check,6,0
CUST-00017,10,42.67,434.06,month-to-month,electronic_check,5,1
CUST-00018,61,74.86,4503.83,month-to-month,mailed_check,6,1
CUST-00019,33,41.51,1304.13,month-to-month,credit_card,6,1
CUST-00020,37,36.32,1284.62,month-to-month,mailed_check,6,1
CUST-00021,27,76.33,2030.41,one_year,mailed_check,3,1
CUST-00022,14,56.81,792.32,two_year,bank_transfer,1,0
CUST-00023,67,82.62,5350.87,month-to-month,mailed_check,7,0
CUST-00024,57,111.22,6142.62,one_year,credit_card,0,0
CUST-00025,47,35.1,1605.16,month-to-month,mailed_check,3,0
CUST-00026,29,111.34,3319.53,one_year,credit_card,5,0
CUST-00027,60,110.25,6794.4,month-to-month,credit_card,6,0
CUST-00028,40,102.91,4068.16,one_year,mailed_check,5,1
CUST-00029,32,83.13,2572.96,month-to-month,mailed_check,3,1
CUST-00030,33,82.01,2601.18,month-to-month,bank_transfer,7,0
CUST-00031,17,83.92,1367.76,one_year,bank_transfer,1,0
CUST-00032,7,89.05,616.57,month-to-month,electronic_check,1,1
CUST-00033,40,21.65,826.58,month-to-month,electronic_check,5,1
CUST-00034,64,115.81,7288.49,month-to-month,electronic_check,2,1
CUST-00035,5,78.56,410.93,two_year,bank_transfer,3,1
CUST-00036,62,98.15,6089.65,month-to-month,bank_transfer,3,0
CUST-00037,60,57.73,3575.45,month-to-month,electronic_check,2,0
CUST-00038,20,21.24,409.05,two_year,mailed_check,7,0
CUST-00039,46,70.97,3189.06,one_year,bank_transfer,3,0
CUST-00040,12,70.72,886.52,month-to-month,credit_card,5,1
CUST-00041,55,63.7,3462.64,one_year,electronic_check,1,0
CUST-00042,51,53.97,2793.41,month-to-month,electronic_check,7,1
CUST-00043,26,44.98,1225.23,month-to-month,mailed_check,7,1
CUST-00044,5,72.75,365.62,month-to-month,bank_transfer,0,0
CUST-00045,70,57.53,3948.56,one_year,electronic_check,5,0
CUST-00046,33,116.99,3873.11,two_year,electronic_check,4,0
CUST-00047,65,37.29,2316.07,month-to-month,bank_transfer,1,0
CUST-00048,49,51.97,2447.66,month-to-month,mailed_check,6,0
CUST-00049,57,49.4,2676.82,month-to-month,electronic_check,6,0
CUST-00050,55,74.33,4245.27,month-to-month,mailed_check,6,0
CUST-00051,15,69.93,1066.89,month-to-month,electronic_check,4,1
CUST-00052,27,84.37,2232.16,one_year,mailed_check,5,0
CUST-00053,34,115.0,3800.98,month-to-month,mailed_check,5,1
CUST-00054,36,48.52,1778.78,two_year,electronic_check,6,1
CUST-00055,4,89.28,372.09,month-to-month,electronic_check,4,1
CUST-00056,40,22.5,882.08,month-to-month,credit_card,5,0
CUST-00057,12,46.24,544.97,month-to-month,credit_card,0,1
CUST-00058,54,66.37,3711.05,one_year,electronic_check,4,0
CUST-00059,50,23.1,1200.41,month-to-month,bank_transfer,1,0
CUST-00060,67,81.77,5705.21,month-to-month,electronic_check,3,1
CUST-00061,54,87.83,4644.77,month-to-month,credit_card,6,0
CUST-00062,27,94.67,2459.12,one_year,credit_card,0,0
CUST-00063,70,71.66,4985.92,two_year,bank_transfer,6,0
CUST-00064,30,80.39,2362.58,month-to-month,bank_transfer,2,0
CUST-00065,24,59.61,1485.47,month-to-month,mailed_check,6,1
CUST-00066,66,24.13,1518.49,month-to-month,electronic_check,6,0
CUST-00067,27,30.0,820.71,month-to-month,mailed_check,0,1
CUST-00068,6,85.5,533.83,two_year,electronic_check,1,0
CUST-00069,34,119.56,4258.65,month-to-month,bank_transfer,6,1
CUST-00070,58,21.58,1270.45,one_year,mailed_check,2,1
CUST-00071,14,75.76,1108.34,two_year,electronic_check,3,0
CUST-00072,34,95.1,3096.22,one_year,bank_transfer,0,0
CUST-00073,10,102.68,1012.33,month-to-month,credit_card,5,1
CUST-00074,50,74.52,3542.97,one_year,bank_transfer,0,0
CUST-00075,35,81.99,3007.79,month-to-month,mailed_check,2,0
CUST-00076,24,89.67,2238.81,month-to-month,credit_card,3,1
CUST-00077,17,105.9,1715.28,two_year,electronic_check,6,1
CUST-00078,41,32.23,1257.71,month-to-month,bank_transfer,3,1
CUST-00079,49,112.62,5444.88,month-to-month,mailed_check,7,0
CUST-00080,68,22.6,1499.81,month-to-month,electronic_check,4,1
CUST-00081,32,103.62,3430.88,month-to-month,credit_card,2,1
CUST-00082,12,27.67,320.81,one_year,mailed_check,1,0
CUST-00083,60,39.46,2436.59,one_year,electronic_check,6,0
CUST-00084,46,20.39,943.02,one_year,electronic_check,3,0
CUST-00085,51,64.53,3250.46,month-to-month,credit_card,4,1
CUST-00086,8,53.44,412.34,month-to-month,credit_card,2,0
CUST-00087,23,36.6,883.68,month-to-month,electronic_check,2,1
CUST-00088,56,65.11,3689.12,month-to-month,mailed_check,4,1
CUST-00089,60,60.24,3592.32,one_year,electronic_check,2,1
CUST-00090,32,96.77,3056.61,one_year,bank_transfer,7,1
CUST-00091,58,109.31,6597.39,two_year,mailed_check,5,0
CUST-00092,61,85.26,5367.7,one_year,electronic_check,6,0
CUST-00093,28,32.44,936.62,month-to-month,mailed_check,2,0
CUST-00094,65,49.54,3257.46,one_year,credit_card,0,1
CUST-00095,21,111.33,2428.67,one_year,mailed_check,0,0
CUST-00096,18,28.87,509.29,two_year,electronic_check,6,0
CUST-00097,50,60.69,3096.09,month-to-month,credit_card,6,1
CUST-00098,46,114.25,5205.3,one_year,electronic_check,5,0
CUST-00099,11,115.07,1278.39,month-to-month,mailed_check,4,1
CUST-00100,60,61.12,3849.9,one_year,mailed_check,1,0
CUST-00101,15,86.74,1364.14,two_year,electronic_check,6,0
CUST-00102,58,65.67,3813.93,two_year,electronic_check,4,1
CUST-00103,1,95.35,96.05,month-to-month,electronic_check,4,1
CUST-00104,58,23.16,1396.54,month-to-month,electronic_check,0,0
CUST-00105,57,34.42,2056.96,one_year,mailed_check,4,0
CUST-00106,57,81.42,4770.23,one_year,credit_card,5,1
CUST-00107,48,43.26,1985.97,two_year,electronic_check,6,0
CUST-00108,34,86.61,2892.35,month-to-month,bank_transfer,1,0
CUST-00109,51,55.12,2922.72,two_year,mailed_check,0,0
CUST-00110,20,108.66,2231.61,one_year,electronic_check,6,1
CUST-00111,57,101.93,5950.51,month-to-month,mailed_check,2,0
CUST-00112,41,69.28,2888.34,month-to-month,electronic_check,3,0
CUST-00113,34,97.29,3279.81,one_year,bank_transfer,5,0
CUST-00114,37,47.11,1726.34,month-to-month,mailed_check,3,1
CUST-00115,41,69.43,2934.4,one_year,bank_transfer,7,0
CUST-00116,3,39.75,116.79,one_year,credit_card,6,1
CUST-00117,11,106.09,1188.54,month-to-month,electronic_check,3,0
CUST-00118,18,102.31,1883.18,month-to-month,credit_card,1,0
CUST-00119,9,110.21,1026.11,two_year,electronic_check,7,1
CUST-00120,32,107.75,3385.82,one_year,electronic_check,5,1
CUST-00121,49,115.96,5819.46,one_year,electronic_check,6,1
CUST-00122,48,42.83,1975.11,one_year,credit_card,3,0
CUST-00123,34,113.18,3708.92,one_year,bank_transfer,3,0
CUST-00124,62,77.12,4742.0,two_year,credit_card,1,0
CUST-00125,41,62.25,2438.71,one_year,bank_transfer,3,0
CUST-00126,6,76.04,476.65,month-to-month,mailed_check,4,1
CUST-00127,56,54.26,3160.69,month-to-month,credit_card,1,0
CUST-00128,42,48.86,1959.37,month-to-month,credit_card,5,0
CUST-00129,46,44.13,2098.72,one_year,credit_card,4,1
CUST-00130,41,28.24,1158.98,month-to-month,mailed_check,6,1
CUST-00131,40,69.66,2842.53,one_year,credit_card,0,0
CUST-00132,7,108.78,790.9,two_year,electronic_check,1,0
CUST-00133,41,83.02,3429.82,month-to-month,credit_card,3,0
CUST-00134,58,72.1,4021.22,month-to-month,credit_card,7,0
CUST-00135,22,62.86,1314.12,one_year,bank_transfer,1,1
CUST-00136,44,66.44,2922.47,month-to-month,electronic_check,7,1
CUST-00137,3,40.93,128.3,one_year,electronic_check,7,0
CUST-00138,26,102.29,2678.95,month-to-month,credit_card,0,1
CUST-00139,32,39.84,1258.63,month-to-month,credit_card,2,0
CUST-00140,71,91.66,6202.74,one_year,bank_transfer,2,0
CUST-00141,16,96.0,1599.72,month-to-month,credit_card,3,0
CUST-00142,20,77.49,1522.95,month-to-month,mailed_check,7,1
CUST-00143,30,106.29,3254.08,month-to-month,credit_card,3,1
CUST-00144,72,49.11,3604.24,month-to-month,electronic_check,5,1
CUST-00145,62,108.16,6540.98,two_year,electronic_check,1,0
CUST-00146,3,92.94,266.66,month-to-month,mailed_check,4,1
CUST-00147,17,99.87,1678.35,month-to-month,electronic_check,2,0
CUST-00148,60,86.46,5092.62,month-to-month,mailed_check,7,1
CUST-00149,5,104.63,533.65,month-to-month,credit_card,6,1
CUST-00150,62,119.31,7633.76,month-to-month,electronic_check,1,0
CUST-00151,21,62.02,1266.19,one_year,bank_transfer,4,0
CUST-00152,67,101.39,6812.41,month-to-month,electronic_check,2,0
CUST-00153,22,94.46,1982.61,one_year,credit_card,3,0
CUST-00154,32,65.29,2029.49,month-to-month,electronic_check,3,1
CUST-00155,48,112.69,5550.95,month-to-month,bank_transfer,6,1
CUST-00156,10,59.44,611.87,month-to-month,bank_transfer,2,0
CUST-00157,41,76.55,3225.16,one_year,mailed_check,0,1
CUST-00158,37,30.59,1091.51,two_year,electronic_check,1,0
CUST-00159,57,42.58,2439.3,month-to-month,electronic_check,6,0
CUST-00160,72,104.07,7435.1,two_year,mailed_check,2,1
CUST-00161,48,59.66,3004.19,month-to-month,electronic_check,0,0
CUST-00162,30,59.41,1809.71,one_year,electronic_check,3,0
CUST-00163,30,44.6,1396.17,one_year,bank_transfer,6,0
CUST-00164,31,69.16,2067.96,month-to-month,electronic_check,6,1
CUST-00165,59,100.58,5905.17,month-to-month,electronic_check,7,0
CUST-00166,24,109.52,2699.78,month-to-month,mailed_check,5,1
CUST-00167,13,27.01,346.51,one_year,mailed_check,6,0
CUST-00168,25,77.48,1962.72,month-to-month,mailed_check,6,1
CUST-00169,2,66.73,133.61,two_year,bank_transfer,0,1
CUST-00170,8,81.43,683.47,month-to-month,bank_transfer,3,0
CUST-00171,7,64.73,438.32,two_year,mailed_check,4,0
CUST-00172,56,59.86,3498.36,month-to-month,mailed_check,3,0
CUST-00173,53,67.19,3525.92,one_year,electronic_check,6,1
CUST-00174,51,78.2,3975.43,month-to-month,bank_transfer,7,0
CUST-00175,34,70.1,2390.16,month-to-month,electronic_check,4,1
CUST-00176,52,67.21,3413.14,month-to-month,credit_card,0,0
CUST-00177,12,101.78,1278.03,one_year,bank_transfer,2,1
CUST-00178,65,94.56,6399.64,month-to-month,bank_transfer,1,0
CUST-00179,37,54.14,2097.83,one_year,mailed_check,3,0
CUST-00180,68,100.06,7142.02,two_year,credit_card,1,0
CUST-00181,11,105.37,1178.7,month-to-month,mailed_check,0,1
CUST-00182,36,35.35,1266.42,month-to-month,mailed_check,1,0
CUST-00183,51,78.27,4131.68,month-to-month,credit_card,3,0
CUST-00184,36,48.53,1663.93,month-to-month,bank_transfer,1,0
CUST-00185,33,93.92,3202.91,month-to-month,mailed_check,0,0
CUST-00186,12,43.88,526.4,one_year,electronic_check,2,1
CUST-00187,28,87.14,2482.19,month-to-month,electronic_check,5,1
CUST-00188,18,45.51,808.91,month-to-month,credit_card,5,1
CUST-00189,22,71.11,1543.96,one_year,electronic_check,3,1
CUST-00190,50,114.86,5474.29,month-to-month,electronic_check,5,1
CUST-00191,46,58.13,2653.64,one_year,electronic_check,1,1
CUST-00192,44,107.57,4689.87,two_year,credit_card,5,1
CUST-00193,27,118.69,3116.55,month-to-month,mailed_check,0,1
CUST-00194,70,107.49,7333.84,month-to-month,mailed_check,1,0
CUST-00195,7,36.59,258.26,two_year,credit_card,7,0
CUST-00196,25,101.97,2502.69,one_year,mailed_check,3,0
CUST-00197,9,23.21,215.83,one_year,credit_card,4,0
CUST-00198,25,59.33,1425.61,one_year,bank_transfer,3,1
CUST-00199,70,107.07,7553.33,month-to-month,mailed_check,5,1
CUST-00200,27,88.88,2318.05,month-to-month,bank_transfer,5,1
CUST-00201,66,73.27,4849.74,one_year,credit_card,6,0
CUST-00202,36,58.79,2127.43,one_year,electronic_check,1,1
CUST-00203,51,101.23,5236.18,one_year,electronic_check,5,0
CUST-00204,33,90.96,2979.76,month-to-month,credit_card,6,1
CUST-00205,20,66.84,1338.08,two_year,mailed_check,3,0
CUST-00206,56,109.25,5922.72,month-to-month,mailed_check,3,0
CUST-00207,70,42.99,2998.51,month-to-month,electronic_check,5,1
CUST-00208,19,37.04,694.81,month-to-month,credit_card,4,1
CUST-00209,57,84.28,4883.79,month-to-month,bank_transfer,2,0
CUST-00210,19,117.2,2212.28,one_year,credit_card,7,0
CUST-00211,52,44.73,2390.7,month-to-month,mailed_check,4,1
CUST-00212,57,44.97,2544.15,one_year,credit_card,4,1
CUST-00213,33,33.95,1090.74,month-to-month,mailed_check,1,1
CUST-00214,54,106.06,5597.43,month-to-month,bank_transfer,5,0
CUST-00215,20,42.64,814.02,month-to-month,bank_transfer,7,1
CUST-00216,6,70.32,423.59,month-to-month,mailed_check,5,1
CUST-00217,7,119.09,861.19,one_year,mailed_check,4,1
CUST-00218,33,21.21,718.9,month-to-month,electronic_check,5,0
CUST-00219,65,75.65,4886.57,month-to-month,mailed_check,1,1
CUST-00220,10,71.23,690.64,month-to-month,bank_transfer,0,1
CUST-00221,33,100.74,3445.42,month-to-month,electronic_check,5,0
CUST-00222,51,55.53,2706.42,month-to-month,bank_transfer,1,0
CUST-00223,15,61.03,906.29,two_year,electronic_check,0,0
CUST-00224,52,36.79,1981.51,month-to-month,electronic_check,6,0
CUST-00225,23,94.08,2140.76,month-to-month,bank_transfer,3,1
CUST-00226,59,98.47,5587.78,two_year,electronic_check,6,1
CUST-00227,42,33.67,1380.89,one_year,credit_card,6,1
CUST-00228,40,59.35,2397.57,month-to-month,credit_card,0,1
CUST-00229,13,109.29,1371.34,one_year,mailed_check,6,0
CUST-00230,34,20.27,699.88,two_year,mailed_check,2,0
CUST-00231,62,49.88,3073.18,month-to-month,electronic_check,5,0
CUST-00232,2,75.5,148.51,month-to-month,bank_transfer,0,0
CUST-00233,55,53.41,2861.41,two_year,electronic_check,3,0
CUST-00234,36,47.2,1754.31,one_year,credit_card,5,1
CUST-00235,52,66.0,3396.73,two_year,credit_card,3,0
CUST-00236,48,38.15,1874.98,month-to-month,electronic_check,4,0
CUST-00237,32,72.96,2320.87,two_year,bank_transfer,0,0
CUST-00238,23,90.67,2000.29,month-to-month,mailed_check,0,0
CUST-00239,46,77.53,3545.14,one_year,mailed_check,4,0
CUST-00240,11,29.31,322.67,two_year,electronic_check,3,0
CUST-00241,43,104.44,4472.02,month-to-month,bank_transfer,4,0
CUST-00242,7,37.5,270.79,month-to-month,electronic_check,2,0
CUST-00243,47,96.48,4720.92,one_year,credit_card,0,0
CUST-00244,46,56.06,2652.55,two_year,mailed_check,5,0
CUST-00245,7,98.28,693.63,month-to-month,bank_transfer,1,1
CUST-00246,55,40.63,2243.76,two_year,credit_card,6,0
CUST-00247,30,38.67,1176.76,month-to-month,bank_transfer,0,0
CUST-00248,57,69.7,3888.75,month-to-month,mailed_check,7,1
CUST-00249,3,23.29,72.06,month-to-month,mailed_check,2,0
CUST-00250,13,42.53,572.62,two_year,mailed_check,7,0
CUST-00251,36,92.4,3249.01,month-to-month,mailed_check,0,1
CUST-00252,14,103.74,1510.84,one_year,credit_card,3,0
CUST-00253,24,28.08,697.39,month-to-month,electronic_check,3,1
CUST-00254,48,108.21,5154.75,two_year,mailed_check,1,0
CUST-00255,11,99.75,1142.15,one_year,bank_transfer,3,0
CUST-00256,49,106.97,5042.51,month-to-month,mailed_check,1,1
CUST-00257,8,89.84,684.82,month-to-month,credit_card,3,1
CUST-00258,13,87.42,1119.11,month-to-month,electronic_check,2,1
CUST-00259,43,72.51,3138.3,month-to-month,electronic_check,1,1
CUST-00260,58,85.28,4872.69,two_year,bank_transfer,6,1
CUST-00261,13,111.91,1519.16,one_year,mailed_check,4,1
CUST-00262,22,30.05,644.93,month-to-month,credit_card,6,0
CUST-00263,67,51.58,3380.02,one_year,mailed_check,6,0
CUST-00264,72,27.25,1988.12,month-to-month,electronic_check,2,1
CUST-00265,42,114.48,4569.63,month-to-month,electronic_check,2,1
CUST-00266,33,64.53,2177.83,month-to-month,mailed_check,7,1
CUST-00267,25,87.53,2161.55,month-to-month,bank_transfer,2,0
CUST-00268,45,104.11,4908.87,one_year,electronic_check,0,0
CUST-00269,43,119.1,5219.33,month-to-month,mailed_check,4,1
CUST-00270,22,36.18,760.28,one_year,credit_card,7,0
CUST-00271,2,99.95,191.76,month-to-month,mailed_check,1,0
CUST-00272,11,108.74,1146.9,one_year,bank_transfer,5,0
CUST-00273,70,24.89,1820.98,month-to-month,electronic_check,2,0
CUST-00274,31,95.41,3012.12,month-to-month,credit_card,3,1
CUST-00275,35,55.47,1927.48,month-to-month,electronic_check,3,1
CUST-00276,34,84.86,2798.81,month-to-month,bank_transfer,1,0
CUST-00277,57,71.4,4222.15,month-to-month,electronic_check,3,1
CUST-00278,5,45.97,223.01,month-to-month,electronic_check,2,1
CUST-00279,6,33.52,205.29,one_year,electronic_check,6,0
CUST-00280,20,31.69,650.59,month-to-month,electronic_check,1,0
CUST-00281,36,30.33,1069.54,one_year,credit_card,6,1
CUST-00282,49,83.78,4107.19,one_year,electronic_check,0,0
CUST-00283,36,55.14,1930.09,month-to-month,credit_card,3,1
CUST-00284,32,41.66,1317.09,one_year,mailed_check,2,0
CUST-00285,68,89.19,6346.91,month-to-month,electronic_check,3,0
CUST-00286,12,88.68,1084.77,one_year,mailed_check,6,0
CUST-00287,42,73.92,3212.11,one_year,electronic_check,7,0
CUST-00288,40,113.5,4558.26,one_year,credit_card,5,0
CUST-00289,35,58.54,1995.48,month-to-month,electronic_check,4,0
CUST-00290,59,103.59,6241.7,one_year,credit_card,4,0
CUST-00291,20,27.51,550.31,month-to-month,electronic_check,7,1
CUST-00292,69,93.98,6275.28,month-to-month,electronic_check,7,1
CUST-00293,24,118.84,2827.3,month-to-month,electronic_check,6,1
CUST-00294,40,104.66,4242.84,month-to-month,bank_transfer,1,0
CUST-00295,38,77.97,3032.45,one_year,mailed_check,2,0
CUST-00296,62,82.68,4994.33,two_year,credit_card,2,0
CUST-00297,32,55.33,1837.1,month-to-month,mailed_check,1,1
CUST-00298,21,87.95,1824.67,one_year,electronic_check,7,1
CUST-00299,2,97.04,189.64,one_year,bank_transfer,1,1
CUST-00300,27,119.82,3136.58,two_year,bank_transfer,6,1
CUST-00301,60,69.25,4281.15,one_year,credit_card,6,1
CUST-00302,1,26.13,25.75,month-to-month,mailed_check,4,1
CUST-00303,65,79.59,5164.49,month-to-month,bank_transfer,2,0
CUST-00304,40,31.9,1240.73,one_year,electronic_check,2,0
CUST-00305,11,44.48,498.35,month-to-month,credit_card,5,1
CUST-00306,22,52.88,1196.01,two_year,electronic_check,5,0
CUST-00307,40,93.1,3664.32,two_year,credit_card,4,0
CUST-00308,23,38.38,922.05,two_year,electronic_check,4,1
CUST-00309,8,36.58,278.87,month-to-month,bank_transfer,6,1
CUST-00310,48,24.5,1132.67,one_year,credit_card,6,0
CUST-00311,49,107.32,5305.57,one_year,credit_card,6,0
CUST-00312,9,89.35,820.35,month-to-month,mailed_check,2,1
CUST-00313,21,23.99,491.32,month-to-month,mailed_check,0,0
CUST-00314,18,22.83,413.15,month-to-month,credit_card,3,1
CUST-00315,48,75.87,3575.5,month-to-month,bank_transfer,2,1
CUST-00316,53,48.25,2571.27,two_year,bank_transfer,2,0
CUST-00317,53,79.67,4289.93,two_year,electronic_check,4,0
CUST-00318,68,63.46,4519.34,month-to-month,mailed_check,7,1
CUST-00319,56,112.33,6262.68,month-to-month,mailed_check,6,1
CUST-00320,24,48.78,1188.09,month-to-month,bank_transfer,5,1
CUST-00321,8,87.91,708.8,month-to-month,electronic_check,5,1
CUST-00322,45,25.41,1122.39,month-to-month,mailed_check,3,1
CUST-00323,66,115.59,7440.3,one_year,credit_card,4,0
CUST-00324,71,118.08,8792.38,one_year,mailed_check,3,0
CUST-00325,17,93.91,1549.63,two_year,credit_card,6,0
CUST-00326,18,66.52,1232.14,two_year,electronic_check,7,1
CUST-00327,3,42.0,121.55,month-to-month,mailed_check,3,1
CUST-00328,11,101.25,1147.67,one_year,mailed_check,5,1
CUST-00329,40,93.64,3627.71,month-to-month,mailed_check,0,0
CUST-00330,40,42.2,1766.66,month-to-month,bank_transfer,3,1
CUST-00331,27,65.12,1790.98,month-to-month,electronic_check,6,0
CUST-00332,23,66.28,1461.95,month-to-month,mailed_check,5,1
CUST-00333,60,102.64,6277.43,month-to-month,electronic_check,4,1
CUST-00334,34,88.38,3036.21,month-to-month,bank_transfer,1,0
CUST-00335,59,84.32,4893.87,month-to-month,credit_card,6,0
CUST-00336,70,84.98,5806.46,two_year,electronic_check,7,0
CUST-00337,23,47.05,1105.75,month-to-month,mailed_check,3,1
CUST-00338,15,57.17,878.27,month-to-month,mailed_check,6,1
CUST-00339,69,24.57,1665.78,two_year,bank_transfer,4,0
CUST-00340,46,98.69,4710.73,one_year,electronic_check,3,1
CUST-00341,21,63.3,1298.57,month-to-month,mailed_check,2,0
CUST-00342,45,63.82,2748.53,two_year,bank_transfer,4,0
CUST-00343,38,44.54,1709.25,month-to-month,mailed_check,3,1
CUST-00344,66,40.94,2596.04,month-to-month,bank_transfer,4,0
CUST-00345,19,78.78,1463.43,month-to-month,mailed_check,1,1
CUST-00346,72,43.26,3116.62,month-to-month,credit_card,3,0
CUST-00347,68,26.42,1758.24,one_year,electronic_check,5,0
CUST-00348,14,96.75,1315.91,month-to-month,electronic_check,6,0
CUST-00349,12,57.65,705.82,one_year,mailed_check,2,1
CUST-00350,39,58.02,2273.55,one_year,mailed_check,4,0
CUST-00351,4,63.13,261.11,two_year,bank_transfer,2,0
CUST-00352,22,101.5,2251.24,month-to-month,electronic_check,6,1
CUST-00353,32,52.08,1663.92,month-to-month,electronic_check,2,1
CUST-00354,70,95.8,6546.15,two_year,bank_transfer,5,1
CUST-00355,72,113.95,8444.35,one_year,electronic_check,3,0
CUST-00356,11,86.09,918.25,month-to-month,bank_transfer,2,1
CUST-00357,65,63.17,4000.09,month-to-month,bank_transfer,4,0
CUST-00358,7,94.78,686.12,one_year,electronic_check,4,1
CUST-00359,54,65.79,3638.33,one_year,bank_transfer,5,0
CUST-00360,61,61.44,3790.31,one_year,credit_card,6,0
CUST-00361,65,72.53,4496.97,two_year,credit_card,5,1
CUST-00362,17,51.77,847.32,month-to-month,electronic_check,6,1
CUST-00363,65,30.43,1977.62,month-to-month,mailed_check,3,0
CUST-00364,9,61.49,567.0,one_year,credit_card,4,0
CUST-00365,38,32.39,1226.24,two_year,bank_transfer,3,1
CUST-00366,34,61.04,1975.32,month-to-month,electronic_check,4,1
CUST-00367,23,75.69,1685.98,one_year,electronic_check,1,0
CUST-00368,2,113.07,228.15,month-to-month,bank_transfer,6,1
CUST-00369,56,23.62,1348.54,month-to-month,bank_transfer,4,0
CUST-00370,25,82.15,1957.83,two_year,credit_card,4,0
CUST-00371,48,65.77,3012.95,month-to-month,credit_card,7,1
CUST-00372,30,22.03,645.01,month-to-month,electronic_check,3,1
CUST-00373,27,44.95,1163.23,one_year,bank_transfer,3,1
CUST-00374,64,31.85,2046.86,month-to-month,electronic_check,4,0
CUST-00375,7,41.68,280.78,month-to-month,electronic_check,7,1
CUST-00376,54,47.46,2600.66,one_year,electronic_check,2,0
CUST-00377,54,60.13,3337.07,month-to-month,credit_card,1,0
CUST-00378,28,72.9,2137.36,one_year,electronic_check,0,0
CUST-00379,19,20.1,399.0,month-to-month,mailed_check,5,0
CUST-00380,1,36.19,35.37,month-to-month,mailed_check,0,1
CUST-00381,68,29.36,1902.31,one_year,electronic_check,5,0
CUST-00382,69,74.97,5084.51,month-to-month,mailed_check,7,0
CUST-00383,18,52.91,972.19,two_year,electronic_check,5,1
CUST-00384,3,74.84,214.64,two_year,mailed_check,1,0
CUST-00385,9,42.18,374.32,two_year,mailed_check,5,1
CUST-00386,5,22.42,109.85,month-to-month,credit_card,3,1
CUST-00387,60,114.14,6656.0,month-to-month,bank_transfer,0,1
CUST-00388,65,30.83,2045.31,two_year,credit_card,1,0
CUST-00389,12,32.69,398.47,month-to-month,mailed_check,5,1
CUST-00390,54,34.65,1878.0,one_year,electronic_check,4,0
CUST-00391,13,118.13,1598.74,two_year,mailed_check,3,1
CUST-00392,27,81.77,2120.07,month-to-month,credit_card,6,1
CUST-00393,44,81.03,3440.38,month-to-month,electronic_check,4,1
CUST-00394,52,118.67,6098.91,one_year,electronic_check,7,0
CUST-00395,63,28.84,1845.49,one_year,credit_card,0,0
CUST-00396,4,117.45,473.75,month-to-month,credit_card,2,0
CUST-00397,15,40.4,580.21,one_year,electronic_check,1,0
CUST-00398,21,82.31,1807.69,one_year,bank_transfer,3,0
CUST-00399,23,62.01,1398.39,month-to-month,mailed_check,7,1
CUST-00400,72,58.4,4145.16,month-to-month,mailed_check,3,0
CUST-00401,56,113.12,6413.28,one_year,mailed_check,2,0
CUST-00402,24,34.92,875.46,one_year,credit_card,0,0
CUST-00403,70,119.71,8515.81,two_year,electronic_check,3,0
CUST-00404,36,57.91,2179.66,month-to-month,bank_transfer,1,1
CUST-00405,37,84.88,3042.36,two_year,electronic_check,1,0
CUST-00406,32,116.79,3781.7,one_year,bank_transfer,1,0
CUST-00407,11,25.76,292.68,one_year,bank_transfer,5,1
CUST-00408,68,112.29,7642.37,month-to-month,bank_transfer,5,1
CUST-00409,2,76.78,151.45,month-to-month,credit_card,5,1
CUST-00410,13,90.44,1232.71,month-to-month,bank_transfer,0,1
CUST-00411,17,34.92,572.3,month-to-month,bank_transfer,7,0
CUST-00412,21,73.34,1526.4,month-to-month,electronic_check,4,1
CUST-00413,10,87.35,906.13,two_year,credit_card,4,0
CUST-00414,2,65.62,136.51,month-to-month,mailed_check,7,1
CUST-00415,49,35.5,1822.99,two_year,mailed_check,2,0
CUST-00416,70,44.41,3228.48,month-to-month,mailed_check,4,0
CUST-00417,9,105.44,906.34,two_year,mailed_check,0,0
CUST-00418,22,23.45,538.01,month-to-month,bank_transfer,3,0
CUST-00419,37,90.89,3338.63,one_year,mailed_check,2,0
CUST-00420,67,119.94,8157.75,one_year,electronic_check,1,0
CUST-00421,50,20.75,1026.45,two_year,credit_card,4,1
CUST-00422,56,36.1,2085.27,month-to-month,credit_card,1,0
CUST-00423,42,87.41,3699.28,month-to-month,mailed_check,7,1
CUST-00424,31,26.0,833.82,two_year,credit_card,1,0
CUST-00425,15,78.98,1148.41,month-to-month,mailed_check,0,0
CUST-00426,63,88.4,5393.76,one_year,mailed_check,3,0
CUST-00427,58,78.81,4543.99,month-to-month,credit_card,3,1
CUST-00428,2,56.52,107.44,month-to-month,bank_transfer,5,1
CUST-00429,52,89.73,4755.85,one_year,bank_transfer,5,0
CUST-00430,7,79.43,544.67,one_year,mailed_check,4,0
CUST-00431,54,40.76,2213.85,one_year,mailed_check,4,0
CUST-00432,60,76.31,4381.93,month-to-month,electronic_check,6,1
CUST-00433,10,108.19,1046.27,one_year,credit_card,5,0
CUST-00434,32,86.68,2807.95,two_year,electronic_check,1,0
CUST-00435,9,67.18,592.86,month-to-month,mailed_check,3,0
CUST-00436,41,52.16,2077.49,month-to-month,electronic_check,5,0
CUST-00437,67,28.59,1863.5,month-to-month,bank_transfer,2,0
CUST-00438,6,44.46,259.17,one_year,mailed_check,6,1
CUST-00439,29,21.12,619.97,month-to-month,bank_transfer,3,1
CUST-00440,71,118.66,8145.07,one_year,mailed_check,2,1
CUST-00441,22,42.25,916.7,month-to-month,electronic_check,3,1
CUST-00442,10,101.49,1033.94,one_year,electronic_check,4,0
CUST-00443,36,36.86,1328.94,two_year,electronic_check,5,0
CUST-00444,37,48.36,1806.73,month-to-month,bank_transfer,2,1
CUST-00445,48,61.83,2893.81,month-to-month,credit_card,1,0
CUST-00446,23,52.44,1258.32,month-to-month,mailed_check,0,1
CUST-00447,69,99.84,6829.3,month-to-month,mailed_check,3,0
CUST-00448,38,115.77,4305.52,month-to-month,electronic_check,7,1
CUST-00449,21,107.53,2349.42,two_year,credit_card,7,0
CUST-00450,70,35.36,2513.48,month-to-month,credit_card,4,0
CUST-00451,67,97.67,6618.38,month-to-month,bank_transfer,4,0
CUST-00452,36,34.79,1301.05,month-to-month,electronic_check,4,1
CUST-00453,2,111.34,212.85,month-to-month,mailed_check,1,1
CUST-00454,43,71.79,3191.12,two_year,credit_card,3,0
CUST-00455,40,53.64,2183.69,month-to-month,electronic_check,7,0
CUST-00456,11,35.7,387.23,month-to-month,bank_transfer,4,1
CUST-00457,46,21.18,950.58,month-to-month,credit_card,1,0
CUST-00458,61,44.79,2624.49,two_year,bank_transfer,0,0
CUST-00459,8,111.4,930.53,two_year,bank_transfer,6,1
CUST-00460,53,99.73,5096.22,month-to-month,mailed_check,7,0
CUST-00461,11,116.98,1255.82,one_year,credit_card,0,1
CUST-00462,54,30.08,1655.15,one_year,mailed_check,3,0
CUST-00463,31,79.22,2507.36,one_year,credit_card,6,1
CUST-00464,1,45.72,44.16,month-to-month,mailed_check,2,1
CUST-00465,70,74.29,5363.96,one_year,bank_transfer,1,0
CUST-00466,12,52.05,625.19,one_year,credit_card,3,0
CUST-00467,43,48.35,2151.34,month-to-month,mailed_check,3,1
CUST-00468,14,77.38,1038.67,month-to-month,electronic_check,3,1
CUST-00469,68,38.33,2487.4,month-to-month,electronic_check,7,0
CUST-00470,54,66.91,3662.82,month-to-month,credit_card,7,0
CUST-00471,58,85.08,4762.01,month-to-month,bank_transfer,4,0
CUST-00472,32,32.82,1052.8,two_year,electronic_check,0,0
CUST-00473,34,113.06,3657.24,two_year,credit_card,2,0
CUST-00474,46,70.57,3337.21,month-to-month,credit_card,1,0
CUST-00475,57,101.95,6043.49,month-to-month,credit_card,0,1
CUST-00476,61,85.39,5385.34,one_year,bank_transfer,3,0
CUST-00477,2,91.0,190.34,month-to-month,credit_card,0,1
CUST-00478,48,91.61,4574.69,month-to-month,credit_card,4,0
CUST-00479,8,107.51,855.27,two_year,electronic_check,2,0
CUST-00480,21,81.36,1691.2,month-to-month,credit_card,5,1
CUST-00481,60,47.82,2982.98,month-to-month,mailed_check,4,1
CUST-00482,19,29.95,593.36,one_year,credit_card,7,0
CUST-00483,58,80.63,4897.36,one_year,bank_transfer,3,0
CUST-00484,34,26.64,929.9,month-to-month,bank_transfer,1,0
CUST-00485,17,44.13,727.84,one_year,electronic_check,7,1
CUST-00486,25,26.07,680.77,two_year,electronic_check,2,0
CUST-00487,39,74.89,3051.26,month-to-month,electronic_check,6,0
CUST-00488,56,36.03,2051.42,one_year,bank_transfer,6,1
CUST-00489,44,81.04,3693.19,month-to-month,credit_card,7,1
CUST-00490,68,99.09,6779.1,month-to-month,electronic_check,5,1
CUST-00491,63,102.19,6723.77,month-to-month,electronic_check,4,1
CUST-00492,55,50.95,2688.69,month-to-month,bank_transfer,3,0
CUST-00493,44,74.9,3415.34,month-to-month,electronic_check,3,0
CUST-00494,21,76.3,1531.1,two_year,electronic_check,6,0
CUST-00495,30,67.29,1986.18,month-to-month,electronic_check,4,1
CUST-00496,9,85.51,741.54,two_year,bank_transfer,0,1
CUST-00497,27,41.01,1104.92,month-to-month,bank_transfer,2,0
CUST-00498,67,117.92,7689.38,two_year,credit_card,7,1
CUST-00499,31,29.81,965.82,month-to-month,electronic_check,1,1
CUST-00500,9,102.92,931.79,month-to-month,electronic_check,3,1
CUST-00501,47,79.41,3880.69,one_year,credit_card,6,0
CUST-00502,70,44.49,3044.87,one_year,credit_card,2,0
CUST-00503,63,94.57,5675.34,month-to-month,mailed_check,5,1
CUST-00504,20,28.45,584.65,month-to-month,credit_card,6,1
CUST-00505,33,97.44,3280.65,one_year,bank_transfer,2,0
CUST-00506,39,79.0,3094.96,one_year,credit_card,7,1
CUST-00507,18,31.08,576.99,month-to-month,mailed_check,3,0
CUST-00508,20,27.95,578.02,one_year,electronic_check,2,0
CUST-00509,18,95.08,1726.55,month-to-month,electronic_check,1,1
CUST-00510,72,49.29,3714.5,month-to-month,bank_transfer,2,0
CUST-00511,54,108.93,6011.47,one_year,credit_card,4,1
CUST-00512,61,96.21,5972.45,two_year,mailed_check,1,1
CUST-00513,59,89.82,5225.89,month-to-month,electronic_check,2,0
CUST-00514,70,47.86,3183.49,month-to-month,electronic_check,5,0
CUST-00515,8,90.89,708.32,month-to-month,bank_transfer,7,0
CUST-00516,64,114.81,7542.08,one_year,credit_card,5,0
CUST-00517,5,29.16,148.84,month-to-month,mailed_check,4,1
CUST-00518,35,52.62,1810.45,month-to-month,bank_transfer,5,1
CUST-00519,43,43.47,1892.56,month-to-month,mailed_check,3,0
CUST-00520,26,59.33,1495.45,two_year,credit_card,2,0
CUST-00521,11,94.23,1012.06,month-to-month,credit_card,5,0
CUST-00522,14,67.42,986.17,one_year,electronic_check,1,1
CUST-00523,60,77.07,4584.24,month-to-month,bank_transfer,7,1
CUST-00524,23,51.42,1152.4,month-to-month,credit_card,3,1
CUST-00525,23,34.13,783.95,month-to-month,credit_card,6,0
CUST-00526,67,46.69,3093.11,month-to-month,bank_transfer,0,0
CUST-00527,11,105.97,1192.4,month-to-month,electronic_check,3,0
CUST-00528,66,80.24,5540.69,month-to-month,mailed_check,3,0
CUST-00529,67,57.8,3908.05,month-to-month,bank_transfer,2,1
CUST-00530,44,98.99,4395.29,month-to-month,electronic_check,4,1
CUST-00531,12,26.45,313.06,month-to-month,credit_card,5,1
CUST-00532,12,45.39,548.19,month-to-month,electronic_check,7,1
CUST-00533,21,43.01,886.9,month-to-month,credit_card,6,0
CUST-00534,42,118.54,4730.15,month-to-month,mailed_check,1,0
CUST-00535,12,90.61,1127.12,one_year,electronic_check,7,1
CUST-00536,33,81.78,2679.65,two_year,mailed_check,3,0
CUST-00537,9,20.5,184.34,one_year,bank_transfer,3,0
CUST-00538,39,38.43,1436.38,month-to-month,credit_card,0,0
CUST-00539,2,83.55,172.74,two_year,mailed_check,5,1
CUST-00540,52,57.97,2915.16,two_year,electronic_check,7,1
CUST-00541,4,112.43,445.69,month-to-month,credit_card,2,1
CUST-00542,15,96.47,1496.33,month-to-month,mailed_check,6,0
CUST-00543,13,64.74,838.05,one_year,electronic_check,0,0
CUST-00544,60,94.95,5942.72,two_year,credit_card,7,1
CUST-00545,4,117.54,456.49,one_year,electronic_check,2,0
CUST-00546,31,66.1,2093.14,one_year,electronic_check,3,0
CUST-00547,43,84.25,3796.03,one_year,mailed_check,0,1
CUST-00548,38,111.87,4272.02,two_year,bank_transfer,7,0
CUST-00549,50,44.87,2286.49,month-to-month,mailed_check,4,0
CUST-00550,58,108.66,6234.75,month-to-month,credit_card,7,1
CUST-00551,29,29.75,884.57,two_year,electronic_check,2,0
CUST-00552,60,84.84,5298.83,month-to-month,credit_card,0,0
CUST-00553,23,98.28,2306.43,month-to-month,electronic_check,5,1
CUST-00554,71,81.46,6035.83,month-to-month,electronic_check,1,0
CUST-00555,37,69.55,2596.29,month-to-month,electronic_check,4,1
CUST-00556,53,81.73,4365.36,month-to-month,electronic_check,0,1
CUST-00557,64,35.17,2206.68,one_year,mailed_check,1,0
CUST-00558,58,41.56,2460.84,month-to-month,credit_card,5,0
CUST-00559,62,46.99,3024.65,one_year,credit_card,5,0
CUST-00560,39,79.78,3156.86,month-to-month,bank_transfer,1,1
CUST-00561,4,64.19,249.91,two_year,electronic_check,1,0
CUST-00562,36,44.45,1607.17,one_year,credit_card,6,1
CUST-00563,14,108.28,1554.73,two_year,mailed_check,0,0
CUST-00564,65,57.39,3894.4,month-to-month,bank_transfer,1,0
CUST-00565,18,64.6,1122.92,month-to-month,bank_transfer,7,0
CUST-00566,17,60.97,997.88,one_year,electronic_check,4,0
CUST-00567,18,38.19,681.51,two_year,mailed_check,0,0
CUST-00568,47,93.16,4214.72,month-to-month,credit_card,7,1
CUST-00569,42,64.85,2854.37,one_year,electronic_check,2,0
CUST-00570,69,21.63,1480.88,one_year,bank_transfer,5,1
CUST-00571,30,116.4,3503.78,month-to-month,credit_card,5,1
CUST-00572,21,101.58,2074.89,one_year,mailed_check,2,0
CUST-00573,4,92.36,367.54,month-to-month,mailed_check,2,0
CUST-00574,1,106.91,112.09,month-to-month,mailed_check,4,1
CUST-00575,27,110.68,2985.0,two_year,credit_card,3,0
CUST-00576,67,53.75,3424.3,month-to-month,mailed_check,1,1
CUST-00577,38,81.1,3002.3,one_year,mailed_check,5,1
CUST-00578,65,80.88,5508.79,one_year,electronic_check,5,0
CUST-00579,8,46.73,392.12,two_year,credit_card,4,0
CUST-00580,7,42.2,286.82,month-to-month,credit_card,5,0
CUST-00581,61,31.39,1936.91,month-to-month,bank_transfer,4,0
CUST-00582,8,85.93,658.37,month-to-month,credit_card,7,1
CUST-00583,4,98.09,395.41,one_year,bank_transfer,7,1
CUST-00584,30,96.1,2775.02,month-to-month,credit_card,7,1
CUST-00585,67,51.63,3569.27,one_year,electronic_check,0,0
CUST-00586,50,40.53,2115.37,month-to-month,electronic_check,0,0
CUST-00587,8,65.36,505.79,month-to-month,credit_card,3,1
CUST-00588,61,74.68,4538.58,two_year,mailed_check,5,0
CUST-00589,61,111.91,6554.77,two_year,mailed_check,1,1
CUST-00590,58,107.48,6133.69,month-to-month,bank_transfer,0,0
CUST-00591,65,111.61,6938.88,one_year,bank_transfer,0,0
CUST-00592,18,105.03,1845.96,month-to-month,mailed_check,4,0
CUST-00593,71,116.46,8673.87,one_year,mailed_check,7,0
CUST-00594,24,66.55,1524.46,month-to-month,mailed_check,3,0
CUST-00595,58,24.75,1486.87,month-to-month,electronic_check,5,1
CUST-00596,42,28.36,1140.64,month-to-month,electronic_check,0,1
CUST-00597,57,59.03,3374.33,month-to-month,mailed_check,1,0
CUST-00598,46,45.77,2095.28,one_year,bank_transfer,5,1
CUST-00599,47,36.99,1813.76,month-to-month,mailed_check,3,0
CUST-00600,45,115.32,5033.24,month-to-month,mailed_check,0,0
CUST-00601,57,39.54,2181.7,month-to-month,bank_transfer,1,1
CUST-00602,54,115.94,6416.36,month-to-month,electronic_check,6,0
CUST-00603,10,96.08,982.53,one_year,mailed_check,5,1
CUST-00604,60,84.09,5146.17,month-to-month,electronic_check,6,0
CUST-00605,39,87.6,3254.58,one_year,bank_transfer,2,1
CUST-00606,24,53.15,1244.92,two_year,electronic_check,7,0
CUST-00607,38,84.64,3325.75,month-to-month,mailed_check,7,1
CUST-00608,70,38.67,2734.15,two_year,bank_transfer,2,0
CUST-00609,62,113.77,7125.86,month-to-month,credit_card,1,1
CUST-00610,61,50.18,2998.47,month-to-month,bank_transfer,7,0
CUST-00611,34,45.52,1510.52,month-to-month,credit_card,2,0
CUST-00612,57,91.12,5425.55,month-to-month,bank_transfer,3,0
CUST-00613,28,85.64,2452.67,month-to-month,mailed_check,7,1
CUST-00614,50,65.13,3134.98,month-to-month,electronic_check,2,1
CUST-00615,47,83.24,4083.75,two_year,electronic_check,7,0
CUST-00616,18,35.95,652.42,month-to-month,electronic_check,1,0
CUST-00617,20,87.33,1717.55,two_year,electronic_check,2,1
CUST-00618,5,47.06,232.88,month-to-month,mailed_check,3,1
CUST-00619,11,47.28,531.84,one_year,bank_transfer,3,0
CUST-00620,32,36.22,1144.64,month-to-month,bank_transfer,1,0
CUST-00621,35,53.24,1877.99,month-to-month,electronic_check,7,1
CUST-00622,12,53.13,650.92,month-to-month,mailed_check,5,0
CUST-00623,31,65.42,1966.18,two_year,electronic_check,5,0
CUST-00624,44,39.04,1794.16,two_year,mailed_check,5,1
CUST-00625,17,39.3,658.5,month-to-month,mailed_check,5,1
CUST-00626,25,74.17,1839.4,one_year,electronic_check,5,0
CUST-00627,27,32.89,905.6,one_year,electronic_check,5,0
CUST-00628,37,88.89,3324.7,one_year,credit_card,5,0
CUST-00629,27,114.39,3070.16,month-to-month,mailed_check,7,1
CUST-00630,54,62.68,3435.38,one_year,mailed_check,1,0
CUST-00631,24,110.11,2749.11,one_year,electronic_check,4,1
CUST-00632,32,29.83,983.28,month-to-month,electronic_check,1,0
CUST-00633,28,24.3,702.34,month-to-month,mailed_check,1,0
CUST-00634,14,92.14,1258.75,month-to-month,credit_card,7,1
CUST-00635,50,96.1,4766.38,two_year,electronic_check,3,1
CUST-00636,17,104.31,1782.74,month-to-month,electronic_check,5,1
CUST-00637,22,25.68,539.25,month-to-month,credit_card,5,1
CUST-00638,58,97.69,5818.93,month-to-month,mailed_check,0,0
CUST-00639,69,57.65,3907.89,two_year,electronic_check,3,0
CUST-00640,49,50.33,2412.73,one_year,bank_transfer,1,0
CUST-00641,66,37.3,2402.7,month-to-month,mailed_check,2,1
CUST-00642,62,119.6,7254.67,month-to-month,credit_card,1,1
CUST-00643,35,26.37,907.87,one_year,electronic_check,5,1
CUST-00644,56,102.7,5811.53,month-to-month,credit_card,1,1
CUST-00645,24,83.95,2031.62,month-to-month,electronic_check,3,0
CUST-00646,34,93.51,3101.61,two_year,credit_card,2,1
CUST-00647,39,91.17,3451.31,month-to-month,credit_card,7,1
CUST-00648,70,105.84,7650.84,month-to-month,credit_card,6,1
CUST-00649,62,38.38,2282.6,month-to-month,credit_card,2,0
CUST-00650,36,20.08,723.9,one_year,bank_transfer,2,0
CUST-00651,47,79.85,3760.8,one_year,electronic_check,5,0
CUST-00652,15,55.39,836.95,month-to-month,electronic_check,5,1
CUST-00653,58,32.38,1950.39,one_year,mailed_check,4,0
CUST-00654,40,38.61,1563.69,two_year,mailed_check,0,0
CUST-00655,39,53.17,2172.05,two_year,electronic_check,0,0
CUST-00656,56,27.02,1569.5,month-to-month,bank_transfer,5,1
CUST-00657,46,25.69,1148.09,month-to-month,bank_transfer,3,1
CUST-00658,6,111.6,652.28,two_year,credit_card,6,1
CUST-00659,21,51.21,1058.72,month-to-month,mailed_check,0,1
CUST-00660,13,118.22,1520.23,month-to-month,bank_transfer,1,1
CUST-00661,53,116.44,6203.85,month-to-month,bank_transfer,6,0
CUST-00662,3,34.26,100.02,two_year,credit_card,7,0
CUST-00663,15,91.49,1334.28,month-to-month,bank_transfer,5,1
CUST-00664,44,80.08,3481.75,month-to-month,electronic_check,0,0
CUST-00665,51,89.06,4620.44,one_year,electronic_check,0,0
CUST-00666,37,29.62,1116.52,month-to-month,credit_card,7,1
CUST-00667,62,38.86,2523.77,month-to-month,bank_transfer,3,0
CUST-00668,67,27.66,1798.32,month-to-month,credit_card,3,0
CUST-00669,10,80.41,795.52,month-to-month,credit_card,7,0
CUST-00670,69,118.66,8567.93,two_year,bank_transfer,1,0
CUST-00671,45,87.2,3998.49,month-to-month,bank_transfer,2,1
CUST-00672,46,91.08,4228.16,two_year,credit_card,5,1
CUST-00673,7,118.46,832.5,month-to-month,credit_card,7,1
CUST-00674,45,87.8,3783.33,month-to-month,mailed_check,2,0
CUST-00675,53,24.02,1323.04,month-to-month,electronic_check,1,1
CUST-00676,42,106.7,4537.67,month-to-month,electronic_check,0,0
CUST-00677,7,56.47,398.11,month-to-month,mailed_check,0,1
CUST-00678,38,20.44,779.65,month-to-month,credit_card,2,0
CUST-00679,68,70.72,4757.21,two_year,credit_card,4,1
CUST-00680,53,113.7,5878.34,month-to-month,mailed_check,3,0
CUST-00681,10,45.73,469.01,two_year,electronic_check,1,0
CUST-00682,70,69.15,4845.22,month-to-month,mailed_check,5,1
CUST-00683,70,37.38,2494.5,month-to-month,credit_card,7,1
CUST-00684,13,25.77,331.62,one_year,bank_transfer,1,0
CUST-00685,58,28.05,1696.9,month-to-month,electronic_check,5,0
CUST-00686,30,92.7,2745.96,month-to-month,mailed_check,4,0
CUST-00687,43,106.41,4535.82,month-to-month,mailed_check,5,1
CUST-00688,33,34.33,1146.93,month-to-month,mailed_check,0,0
CUST-00689,57,48.83,2867.38,one_year,credit_card,5,0
CUST-00690,72,39.5,2892.13,month-to-month,credit_card,5,0
CUST-00691,58,22.69,1361.82,two_year,electronic_check,5,0
CUST-00692,68,75.34,4925.56,month-to-month,electronic_check,6,1
CUST-00693,69,89.99,6473.11,month-to-month,mailed_check,5,0
CUST-00694,7,84.79,617.49,month-to-month,electronic_check,7,1
CUST-00695,19,58.81,1119.44,month-to-month,mailed_check,5,1
CUST-00696,52,75.5,3975.03,two_year,electronic_check,3,1
CUST-00697,43,29.41,1228.31,two_year,electronic_check,6,1
CUST-00698,4,35.43,140.98,month-to-month,credit_card,5,1
CUST-00699,7,113.18,768.7,month-to-month,electronic_check,4,0
CUST-00700,38,96.15,3479.07,two_year,credit_card,4,0
CUST-00701,45,112.27,5295.29,month-to-month,electronic_check,2,1
CUST-00702,13,111.67,1416.72,month-to-month,electronic_check,4,0
CUST-00703,13,84.94,1114.49,month-to-month,electronic_check,3,0
CUST-00704,10,112.82,1105.7,month-to-month,electronic_check,1,0
CUST-00705,41,61.67,2495.77,month-to-month,mailed_check,3,1
CUST-00706,1,20.36,20.15,month-to-month,credit_card,7,1
CUST-00707,42,26.26,1084.61,two_year,credit_card,2,0
CUST-00708,35,30.95,1098.09,month-to-month,electronic_check,5,0
CUST-00709,34,29.54,1050.49,two_year,electronic_check,3,0
CUST-00710,49,55.17,2684.05,one_year,electronic_check,2,0
CUST-00711,38,90.13,3586.94,month-to-month,bank_transfer,3,0
CUST-00712,53,99.06,5338.54,month-to-month,electronic_check,7,1
CUST-00713,56,79.02,4472.6,month-to-month,electronic_check,0,0
CUST-00714,67,34.64,2260.1,two_year,credit_card,5,0
CUST-00715,58,94.79,5257.53,month-to-month,credit_card,6,0
CUST-00716,38,55.48,2182.44,two_year,bank_transfer,1,0
CUST-00717,36,21.3,772.45,one_year,electronic_check,6,0
CUST-00718,17,48.06,810.01,one_year,mailed_check,5,0
CUST-00719,44,53.06,2407.48,month-to-month,electronic_check,2,0
CUST-00720,11,47.42,511.79,one_year,bank_transfer,1,1
CUST-00721,68,101.19,7075.87,one_year,bank_transfer,7,0
CUST-00722,61,95.99,5754.81,one_year,electronic_check,1,0
CUST-00723,9,89.56,839.92,month-to-month,credit_card,7,0
CUST-00724,57,33.9,1887.49,one_year,mailed_check,5,0
CUST-00725,9,100.78,874.17,month-to-month,credit_card,6,1
CUST-00726,52,87.72,4651.67,one_year,electronic_check,2,0
CUST-00727,7,39.48,267.07,month-to-month,mailed_check,0,1
CUST-00728,36,84.81,3190.33,month-to-month,electronic_check,5,0
CUST-00729,48,68.35,3331.89,one_year,bank_transfer,2,0
CUST-00730,53,63.94,3297.36,month-to-month,electronic_check,4,0
CUST-00731,31,31.21,939.41,one_year,electronic_check,3,1
CUST-00732,67,71.83,5016.63,one_year,bank_transfer,2,0
CUST-00733,56,29.99,1697.73,one_year,bank_transfer,5,0
CUST-00734,15,36.43,567.89,one_year,bank_transfer,4,1
CUST-00735,49,33.25,1565.96,month-to-month,bank_transfer,5,0
CUST-00736,53,115.41,6376.98,month-to-month,bank_transfer,5,0
CUST-00737,25,48.49,1214.59,one_year,bank_transfer,5,0
CUST-00738,54,55.52,3048.6,month-to-month,mailed_check,2,0
CUST-00739,65,52.21,3350.38,month-to-month,electronic_check,6,0
CUST-00740,59,109.83,6194.01,month-to-month,mailed_check,1,1
CUST-00741,55,76.3,4388.49,month-to-month,electronic_check,7,0
CUST-00742,46,111.92,5402.76,two_year,mailed_check,6,0
CUST-00743,20,49.99,986.31,month-to-month,mailed_check,4,0
CUST-00744,58,31.48,1907.09,month-to-month,electronic_check,1,1
CUST-00745,27,75.62,1973.95,two_year,bank_transfer,7,0
CUST-00746,39,54.55,2054.13,two_year,bank_transfer,4,1
CUST-00747,23,100.19,2206.01,month-to-month,mailed_check,6,0
CUST-00748,23,107.94,2455.68,two_year,credit_card,0,1
CUST-00749,12,67.26,770.96,month-to-month,electronic_check,2,1
CUST-00750,70,117.14,8113.14,one_year,electronic_check,2,0
CUST-00751,11,75.3,798.36,month-to-month,electronic_check,6,1
CUST-00752,7,47.09,337.24,month-to-month,mailed_check,3,1
CUST-00753,68,68.9,4841.22,month-to-month,electronic_check,0,0
CUST-00754,40,23.73,967.07,one_year,credit_card,4,0
CUST-00755,32,100.4,3116.58,month-to-month,electronic_check,1,0
CUST-00756,54,30.14,1671.19,month-to-month,mailed_check,3,0
CUST-00757,28,50.87,1388.81,one_year,mailed_check,7,1
CUST-00758,10,76.53,785.18,month-to-month,electronic_check,3,0
CUST-00759,53,24.3,1296.45,two_year,bank_transfer,3,0
CUST-00760,13,27.93,358.27,month-to-month,bank_transfer,0,0
CUST-00761,40,89.61,3435.17,month-to-month,bank_transfer,3,1
CUST-00762,69,27.18,1936.68,month-to-month,bank_transfer,7,0
CUST-00763,68,67.71,4806.59,month-to-month,mailed_check,7,1
CUST-00764,26,53.87,1423.85,month-to-month,mailed_check,7,1
CUST-00765,57,42.81,2553.4,month-to-month,bank_transfer,2,0
CUST-00766,45,38.88,1825.45,one_year,mailed_check,0,0
CUST-00767,35,96.34,3268.96,month-to-month,mailed_check,1,1
CUST-00768,11,115.15,1295.98,month-to-month,electronic_check,1,1
CUST-00769,28,34.02,938.15,one_year,bank_transfer,0,0
CUST-00770,47,115.97,5443.7,month-to-month,electronic_check,5,1
CUST-00771,72,79.48,5526.0,one_year,credit_card,4,1
CUST-00772,1,84.17,88.16,two_year,electronic_check,5,1
CUST-00773,52,90.99,4838.62,month-to-month,mailed_check,1,1
CUST-00774,61,90.41,5386.57,one_year,electronic_check,5,0
CUST-00775,69,101.98,6946.26,two_year,electronic_check,0,0
CUST-00776,31,68.35,2102.33,month-to-month,electronic_check,5,1
CUST-00777,9,73.34,676.36,two_year,bank_transfer,6,0
CUST-00778,20,52.38,1092.25,month-to-month,electronic_check,2,0
CUST-00779,62,30.53,1858.8,one_year,electronic_check,2,0
CUST-00780,64,86.46,5518.48,month-to-month,electronic_check,3,0
CUST-00781,46,23.36,1084.62,month-to-month,electronic_check,4,1
CUST-00782,9,47.56,423.51,two_year,credit_card,4,1
CUST-00783,9,29.42,264.92,month-to-month,mailed_check,0,1
CUST-00784,35,39.07,1313.62,two_year,bank_transfer,3,0
CUST-00785,43,83.87,3486.69,one_year,mailed_check,4,1
CUST-00786,3,82.85,246.08,two_year,mailed_check,4,1
CUST-00787,50,62.11,3234.12,two_year,credit_card,5,0
CUST-00788,40,29.02,1143.2,one_year,electronic_check,5,0
CUST-00789,1,63.34,61.75,two_year,credit_card,3,0
CUST-00790,7,55.27,396.32,one_year,mailed_check,4,1
CUST-00791,33,92.05,3173.94,month-to-month,mailed_check,2,0
CUST-00792,53,77.9,4111.96,one_year,credit_card,2,0
CUST-00793,60,69.16,3945.5,month-to-month,electronic_check,2,0
CUST-00794,32,68.7,2239.7,month-to-month,credit_card,3,1
CUST-00795,22,116.63,2544.06,month-to-month,credit_card,0,1
CUST-00796,70,95.63,6810.3,month-to-month,electronic_check,1,1
CUST-00797,34,69.7,2317.06,month-to-month,mailed_check,0,0
CUST-00798,23,67.92,1484.48,month-to-month,credit_card,3,1
CUST-00799,32,22.65,713.46,one_year,electronic_check,3,1
CUST-00800,1,114.25,116.59,one_year,bank_transfer,1,1
CUST-00801,22,51.92,1129.97,two_year,electronic_check,1,0
CUST-00802,38,45.59,1683.91,two_year,electronic_check,4,1
CUST-00803,67,119.94,8007.12,two_year,mailed_check,1,0
CUST-00804,54,91.87,5086.11,one_year,bank_transfer,6,0
CUST-00805,57,24.74,1356.31,month-to-month,bank_transfer,1,0
CUST-00806,40,26.19,1067.63,two_year,bank_transfer,3,0
CUST-00807,8,22.55,183.42,month-to-month,electronic_check,6,1
CUST-00808,29,79.96,2288.92,month-to-month,mailed_check,0,1
CUST-00809,72,27.16,2047.23,month-to-month,electronic_check,3,1
CUST-00810,4,113.34,471.25,one_year,electronic_check,3,1
CUST-00811,64,113.69,7142.44,one_year,electronic_check,4,0
CUST-00812,50,74.61,3555.35,month-to-month,bank_transfer,7,0
CUST-00813,21,81.66,1682.07,one_year,electronic_check,4,0
CUST-00814,57,49.19,2721.01,month-to-month,electronic_check,3,0
CUST-00815,61,26.4,1617.84,month-to-month,bank_transfer,3,0
CUST-00816,4,93.75,390.69,month-to-month,electronic_check,4,1
CUST-00817,8,30.18,250.37,month-to-month,credit_card,2,0
CUST-00818,48,28.56,1344.06,one_year,mailed_check,5,0
CUST-00819,72,51.12,3654.52,month-to-month,electronic_check,3,1
CUST-00820,2,21.25,40.52,month-to-month,credit_card,0,1
CUST-00821,48,63.4,3056.81,month-to-month,bank_transfer,4,0
CUST-00822,10,90.77,868.05,one_year,credit_card,2,0
CUST-00823,47,100.13,4912.76,two_year,mailed_check,2,0
CUST-00824,45,80.43,3752.19,one_year,mailed_check,2,1
CUST-00825,7,104.69,711.87,one_year,bank_transfer,1,0
CUST-00826,50,60.65,3092.97,two_year,mailed_check,2,0
CUST-00827,65,104.88,6863.39,month-to-month,mailed_check,7,1
CUST-00828,63,70.65,4584.91,month-to-month,electronic_check,2,1
CUST-00829,3,42.3,126.6,month-to-month,electronic_check,5,1
CUST-00830,18,114.41,1995.98,month-to-month,electronic_check,3,1
CUST-00831,18,47.5,866.9,month-to-month,bank_transfer,0,1
CUST-00832,33,22.62,715.13,month-to-month,mailed_check,6,0
CUST-00833,11,44.27,491.06,month-to-month,credit_card,7,1
CUST-00834,62,56.67,3412.52,month-to-month,electronic_check,1,1
CUST-00835,56,55.13,3144.66,month-to-month,mailed_check,1,0
CUST-00836,59,72.47,4415.79,month-to-month,electronic_check,7,1
CUST-00837,15,108.31,1561.25,two_year,bank_transfer,0,0
CUST-00838,2,49.23,97.49,one_year,credit_card,7,1
CUST-00839,66,72.08,4868.17,month-to-month,mailed_check,1,0
CUST-00840,21,54.01,1096.15,month-to-month,mailed_check,6,1
CUST-00841,48,102.18,4937.14,month-to-month,bank_transfer,7,1
CUST-00842,66,35.76,2400.73,month-to-month,electronic_check,1,1
CUST-00843,3,30.35,89.73,month-to-month,bank_transfer,1,1
CUST-00844,1,70.3,72.63,month-to-month,bank_transfer,0,1
CUST-00845,1,87.19,87.28,two_year,electronic_check,6,1
CUST-00846,12,99.55,1209.8,two_year,bank_transfer,2,1
CUST-00847,4,78.96,304.51,one_year,bank_transfer,5,0
CUST-00848,60,97.38,5564.48,one_year,electronic_check,4,1
CUST-00849,44,59.27,2490.76,one_year,electronic_check,4,0
CUST-00850,71,23.29,1720.14,one_year,mailed_check,1,0
CUST-00851,58,31.61,1903.53,two_year,bank_transfer,2,0
CUST-00852,70,23.87,1722.46,one_year,mailed_check,4,0
CUST-00853,18,52.89,923.5,one_year,mailed_check,0,0
CUST-00854,21,69.55,1464.25,two_year,electronic_check,3,0
CUST-00855,62,55.63,3551.3,one_year,electronic_check,5,0
CUST-00856,18,76.06,1392.99,month-to-month,electronic_check,3,0
CUST-00857,5,68.06,327.22,month-to-month,electronic_check,3,1
CUST-00858,49,87.79,4472.08,month-to-month,electronic_check,6,1
CUST-00859,58,86.7,4857.76,month-to-month,electronic_check,4,0
CUST-00860,70,51.81,3507.43,month-to-month,bank_transfer,5,1
CUST-00861,67,54.62,3806.39,month-to-month,bank_transfer,0,0
CUST-00862,9,78.51,705.55,month-to-month,electronic_check,7,1
CUST-00863,56,79.64,4403.33,two_year,bank_transfer,6,1
CUST-00864,61,51.47,3156.52,month-to-month,electronic_check,6,1
CUST-00865,51,53.03,2834.82,month-to-month,mailed_check,5,0
CUST-00866,60,89.4,5160.23,month-to-month,credit_card,4,0
CUST-00867,61,84.74,5302.03,month-to-month,mailed_check,4,0
CUST-00868,33,33.51,1087.35,one_year,electronic_check,4,0
CUST-00869,3,64.1,184.95,one_year,mailed_check,3,1
CUST-00870,33,109.27,3577.78,month-to-month,bank_transfer,5,1
CUST-00871,15,23.63,356.19,month-to-month,electronic_check,2,0
CUST-00872,9,105.52,921.72,month-to-month,credit_card,6,1
CUST-00873,9,36.32,323.76,one_year,mailed_check,2,0
CUST-00874,51,70.72,3655.91,two_year,electronic_check,3,0
CUST-00875,37,62.43,2327.7,two_year,mailed_check,0,0
CUST-00876,39,21.01,837.79,month-to-month,bank_transfer,7,1
CUST-00877,54,111.54,6225.76,one_year,mailed_check,5,0
CUST-00878,40,65.49,2595.9,one_year,credit_card,1,0
CUST-00879,46,115.43,5268.73,two_year,credit_card,0,1
CUST-00880,7,48.67,340.61,month-to-month,electronic_check,6,1
CUST-00881,62,106.63,6654.78,month-to-month,electronic_check,0,1
CUST-00882,33,112.24,3558.81,month-to-month,electronic_check,3,1
CUST-00883,12,75.68,891.18,month-to-month,bank_transfer,0,1
CUST-00884,59,40.27,2297.85,one_year,bank_transfer,5,0
CUST-00885,53,88.52,4638.26,month-to-month,electronic_check,1,0
CUST-00886,4,74.9,313.77,month-to-month,credit_card,3,1
CUST-00887,14,114.45,1615.6,two_year,electronic_check,4,0
CUST-00888,2,63.93,126.95,month-to-month,credit_card,2,1
CUST-00889,20,46.85,943.21,two_year,credit_card,5,0
CUST-00890,8,33.83,275.21,one_year,electronic_check,4,0
CUST-00891,52,89.86,4642.5,two_year,electronic_check,3,0
CUST-00892,38,117.41,4438.29,one_year,electronic_check,2,0
CUST-00893,71,22.83,1653.89,month-to-month,credit_card,3,1
CUST-00894,54,94.04,4855.39,month-to-month,mailed_check,2,1
CUST-00895,45,112.69,5091.51,two_year,credit_card,4,0
CUST-00896,37,27.48,1021.5,month-to-month,mailed_check,6,1
CUST-00897,4,31.02,127.25,month-to-month,mailed_check,4,1
CUST-00898,6,89.2,561.0,one_year,credit_card,0,0
CUST-00899,45,84.8,3928.69,month-to-month,mailed_check,6,1
CUST-00900,1,26.88,26.89,month-to-month,bank_transfer,6,1
CUST-00901,4,103.44,400.09,month-to-month,mailed_check,6,1
CUST-00902,16,72.34,1167.69,month-to-month,electronic_check,0,0
CUST-00903,64,110.72,7322.95,one_year,electronic_check,6,0
CUST-00904,34,107.8,3823.66,month-to-month,electronic_check,3,1
CUST-00905,52,101.25,5436.32,month-to-month,bank_transfer,6,0
CUST-00906,30,71.59,2080.9,month-to-month,mailed_check,6,1
CUST-00907,13,45.17,599.71,one_year,mailed_check,7,0
CUST-00908,27,70.6,1978.6,month-to-month,electronic_check,0,0
CUST-00909,7,30.08,214.38,month-to-month,bank_transfer,4,0
CUST-00910,56,85.88,4898.88,two_year,credit_card,5,0
CUST-00911,14,33.4,467.58,month-to-month,bank_transfer,4,0
CUST-00912,28,71.12,2018.56,one_year,credit_card,6,0
CUST-00913,71,25.44,1768.97,month-to-month,electronic_check,5,0
CUST-00914,43,49.95,2059.58,month-to-month,electronic_check,0,1
CUST-00915,34,43.21,1517.22,month-to-month,mailed_check,1,1
CUST-00916,40,82.0,3425.48,two_year,electronic_check,5,1
CUST-00917,57,98.68,5825.39,month-to-month,bank_transfer,2,0
CUST-00918,19,25.73,480.76,month-to-month,credit_card,2,1
CUST-00919,46,105.03,4634.93,month-to-month,electronic_check,7,1
CUST-00920,63,106.08,6535.91,month-to-month,credit_card,0,1
CUST-00921,42,54.23,2355.61,one_year,electronic_check,4,0
CUST-00922,33,85.9,2878.88,two_year,bank_transfer,2,0
CUST-00923,11,60.26,693.81,month-to-month,mailed_check,0,1
CUST-00924,18,35.42,627.51,month-to-month,bank_transfer,2,1
CUST-00925,69,72.87,5053.65,month-to-month,electronic_check,3,0
CUST-00926,39,28.64,1149.19,two_year,credit_card,3,0
CUST-00927,22,107.85,2309.52,month-to-month,credit_card,1,1
CUST-00928,31,112.43,3647.05,month-to-month,mailed_check,5,0
CUST-00929,42,102.16,4330.42,two_year,mailed_check,2,0
CUST-00930,39,76.25,2827.52,two_year,bank_transfer,4,0
CUST-00931,51,75.76,3680.28,month-to-month,bank_transfer,4,1
CUST-00932,19,118.46,2336.78,month-to-month,mailed_check,4,1
CUST-00933,47,44.79,2135.72,one_year,bank_transfer,4,0
CUST-00934,32,27.59,906.26,two_year,credit_card,2,0
CUST-00935,68,76.19,5328.35,month-to-month,bank_transfer,3,0
CUST-00936,12,52.88,629.5,month-to-month,electronic_check,4,0
CUST-00937,11,52.23,591.73,month-to-month,credit_card,0,0
CUST-00938,34,20.71,734.9,month-to-month,electronic_check,5,1
CUST-00939,37,79.62,2849.5,month-to-month,electronic_check,3,1
CUST-00940,50,46.4,2381.45,one_year,credit_card,2,0
CUST-00941,30,38.79,1141.21,month-to-month,electronic_check,0,1
CUST-00942,66,24.04,1558.52,month-to-month,electronic_check,2,1
CUST-00943,35,56.44,1958.03,two_year,mailed_check,3,0
CUST-00944,10,107.9,1118.21,month-to-month,credit_card,6,1
CUST-00945,9,53.67,459.92,month-to-month,electronic_check,5,1
CUST-00946,71,87.91,6200.19,two_year,mailed_check,3,0
CUST-00947,10,95.65,973.77,month-to-month,electronic_check,1,0
CUST-00948,69,52.81,3501.94,two_year,mailed_check,2,0
CUST-00949,21,102.16,2208.15,month-to-month,mailed_check,7,1
CUST-00950,7,89.19,651.9,month-to-month,electronic_check,1,0
CUST-00951,22,75.92,1602.01,one_year,credit_card,5,0
CUST-00952,45,20.1,873.08,month-to-month,bank_transfer,4,1
CUST-00953,31,23.51,763.33,month-to-month,credit_card,1,1
CUST-00954,57,119.09,6582.84,month-to-month,credit_card,6,1
CUST-00955,44,98.23,4140.06,one_year,credit_card,3,0
CUST-00956,29,113.76,3448.11,month-to-month,bank_transfer,5,1
CUST-00957,46,110.23,5269.68,one_year,electronic_check,0,0
CUST-00958,70,22.04,1567.13,one_year,credit_card,7,0
CUST-00959,30,99.18,2990.85,month-to-month,mailed_check,0,1
CUST-00960,12,65.11,814.13,month-to-month,electronic_check,2,0
CUST-00961,30,98.96,3014.84,month-to-month,mailed_check,7,1
CUST-00962,61,20.67,1280.94,one_year,electronic_check,5,0
CUST-00963,16,48.82,807.96,month-to-month,mailed_check,5,0
CUST-00964,69,95.13,6664.73,one_year,bank_transfer,2,0
CUST-00965,43,99.3,4271.56,month-to-month,mailed_check,6,1
CUST-00966,44,81.97,3566.97,month-to-month,electronic_check,7,1
CUST-00967,23,50.13,1153.25,one_year,electronic_check,4,1
CUST-00968,67,51.04,3427.12,month-to-month,credit_card,1,1
CUST-00969,3,116.68,345.16,month-to-month,mailed_check,7,1
CUST-00970,22,63.92,1398.97,one_year,mailed_check,0,0
CUST-00971,31,64.71,2066.65,one_year,bank_transfer,7,1
CUST-00972,35,75.23,2611.18,month-to-month,credit_card,0,0
CUST-00973,35,60.95,2032.05,month-to-month,mailed_check,0,0
CUST-00974,11,75.27,809.97,month-to-month,bank_transfer,0,1
CUST-00975,17,63.23,1046.13,one_year,electronic_check,1,1
CUST-00976,7,102.67,739.8,month-to-month,credit_card,5,1
CUST-00977,42,110.91,4634.39,one_year,mailed_check,3,0
CUST-00978,26,113.21,2878.82,one_year,bank_transfer,0,0
CUST-00979,41,76.43,3230.98,two_year,electronic_check,2,0
CUST-00980,43,64.21,2628.48,month-to-month,bank_transfer,7,0
CUST-00981,51,90.52,4466.33,month-to-month,mailed_check,4,0
CUST-00982,40,103.83,4289.09,month-to-month,mailed_check,5,1
CUST-00983,47,76.3,3604.18,month-to-month,bank_transfer,2,0
CUST-00984,43,90.0,3975.82,month-to-month,credit_card,4,1
CUST-00985,47,94.97,4614.68,two_year,mailed_check,6,0
CUST-00986,45,87.64,4118.07,month-to-month,credit_card,5,1
CUST-00987,23,94.61,2081.1,month-to-month,electronic_check,0,1
CUST-00988,18,40.86,757.57,month-to-month,mailed_check,4,1
CUST-00989,57,69.84,4063.84,two_year,electronic_check,6,0
CUST-00990,25,78.83,1912.94,month-to-month,electronic_check,1,0
CUST-00991,40,20.25,844.88,one_year,credit_card,3,0
CUST-00992,15,105.6,1568.77,two_year,electronic_check,5,0
CUST-00993,32,81.0,2692.55,month-to-month,credit_card,0,0
CUST-00994,39,32.91,1297.12,one_year,electronic_check,5,0
CUST-00995,46,101.64,4687.75,month-to-month,bank_transfer,6,1
CUST-00996,38,91.71,3366.17,month-to-month,electronic_check,4,1
CUST-00997,26,95.83,2594.81,month-to-month,bank_transfer,3,0
CUST-00998,70,59.2,4167.78,month-to-month,credit_card,0,0
CUST-00999,37,105.42,3707.9,one_year,mailed_check,5,1
CUST-01000,59,61.4,3448.25,two_year,mailed_check,7,0
CUST-01001,54,77.05,4276.27,month-to-month,credit_card,7,1
CUST-01002,41,20.06,794.82,one_year,bank_transfer,4,0
CUST-01003,64,84.49,5460.58,month-to-month,electronic_check,0,0
CUST-01004,10,91.82,934.8,month-to-month,bank_transfer,2,1
CUST-01005,67,76.71,5026.23,one_year,bank_transfer,2,0
CUST-01006,62,69.66,4348.6,month-to-month,bank_transfer,0,1
CUST-01007,37,100.99,3639.71,one_year,electronic_check,0,0
CUST-01008,53,88.14,4879.76,month-to-month,mailed_check,4,1
CUST-01009,38,47.81,1882.11,two_year,credit_card,0,0
CUST-01010,20,115.91,2269.01,month-to-month,bank_transfer,0,1
CUST-01011,58,90.73,5277.31,month-to-month,mailed_check,7,1
CUST-01012,18,118.79,2138.43,one_year,credit_card,4,1
CUST-01013,23,117.13,2817.83,month-to-month,electronic_check,6,0
CUST-01014,38,111.89,4206.8,month-to-month,mailed_check,1,1
CUST-01015,61,95.54,5864.03,two_year,bank_transfer,2,0
CUST-01016,28,80.94,2363.56,month-to-month,bank_transfer,4,1
CUST-01017,36,37.22,1294.64,month-to-month,credit_card,5,0
CUST-01018,3,74.34,224.13,month-to-month,bank_transfer,2,1
CUST-01019,9,96.54,834.58,one_year,electronic_check,7,1
CUST-01020,5,72.09,364.66,one_year,mailed_check,5,1
CUST-01021,6,106.82,632.33,two_year,electronic_check,1,0
CUST-01022,63,30.97,2042.06,month-to-month,credit_card,0,0
CUST-01023,61,58.09,3513.76,month-to-month,electronic_check,0,1
CUST-01024,60,70.6,4081.68,month-to-month,mailed_check,6,0
CUST-01025,5,63.23,326.72,month-to-month,mailed_check,6,1
CUST-01026,6,30.86,191.09,one_year,electronic_check,3,1
CUST-01027,21,35.35,756.88,month-to-month,electronic_check,5,1
CUST-01028,41,103.76,4360.08,one_year,bank_transfer,7,0
CUST-01029,25,68.44,1670.7,one_year,electronic_check,1,0
CUST-01030,36,24.87,908.12,one_year,credit_card,7,0
CUST-01031,13,21.65,268.44,month-to-month,credit_card,3,1
CUST-01032,53,67.35,3461.23,month-to-month,electronic_check,3,0
CUST-01033,23,36.44,874.3,two_year,credit_card,1,0
CUST-01034,5,90.51,463.39,one_year,electronic_check,5,1
CUST-01035,54,99.53,5229.99,month-to-month,electronic_check,4,1
CUST-01036,66,42.83,2716.91,one_year,electronic_check,0,0
CUST-01037,2,79.22,165.55,two_year,credit_card,5,0
CUST-01038,32,35.44,1090.24,month-to-month,bank_transfer,1,1
CUST-01039,60,50.36,2948.09,two_year,electronic_check,2,1
CUST-01040,51,108.88,5376.63,month-to-month,bank_transfer,4,0
CUST-01041,62,74.41,4386.18,two_year,bank_transfer,6,0
CUST-01042,30,108.59,3197.12,month-to-month,bank_transfer,1,1
CUST-01043,27,42.52,1202.61,month-to-month,mailed_check,3,1
CUST-01044,52,53.0,2712.55,month-to-month,credit_card,2,1
CUST-01045,12,67.1,805.49,two_year,bank_transfer,5,1
CUST-01046,18,68.01,1254.25,two_year,electronic_check,6,1
CUST-01047,44,119.76,5296.57,month-to-month,credit_card,5,1
CUST-01048,49,31.44,1578.31,month-to-month,electronic_check,6,1
CUST-01049,9,105.2,962.07,month-to-month,bank_transfer,3,1
CUST-01050,37,106.37,3978.35,month-to-month,bank_transfer,4,1
CUST-01051,27,75.32,2064.07,one_year,electronic_check,2,0
CUST-01052,37,54.4,2073.16,month-to-month,electronic_check,7,1
CUST-01053,70,71.92,5140.41,two_year,bank_transfer,1,1
CUST-01054,6,49.25,304.1,two_year,credit_card,7,1
CUST-01055,72,99.91,6938.63,month-to-month,credit_card,5,1
CUST-01056,33,69.83,2345.26,month-to-month,bank_transfer,7,1
CUST-01057,56,112.58,6454.15,two_year,electronic_check,5,0
CUST-01058,31,82.27,2499.33,two_year,electronic_check,2,1
CUST-01059,23,71.43,1704.48,one_year,bank_transfer,2,0
CUST-01060,56,91.11,5002.35,month-to-month,mailed_check,1,0
CUST-01061,50,70.39,3429.5,month-to-month,bank_transfer,7,1
CUST-01062,11,110.45,1259.56,one_year,electronic_check,0,1
CUST-01063,51,38.44,1911.07,month-to-month,electronic_check,6,1
CUST-01064,55,117.33,6398.89,one_year,bank_transfer,5,0
CUST-01065,28,101.22,2796.7,one_year,bank_transfer,1,0
CUST-01066,67,106.07,7389.81,month-to-month,bank_transfer,7,1
CUST-01067,47,68.29,3195.3,month-to-month,electronic_check,1,1
CUST-01068,25,103.72,2643.39,month-to-month,credit_card,1,0
CUST-01069,1,50.68,52.17,two_year,mailed_check,4,1
CUST-01070,49,96.19,4773.83,month-to-month,bank_transfer,0,1
CUST-01071,16,34.05,568.89,month-to-month,bank_transfer,0,0
CUST-01072,55,50.71,2873.15,two_year,mailed_check,4,0
CUST-01073,38,64.57,2429.3,one_year,bank_transfer,7,0
CUST-01074,34,52.23,1855.95,month-to-month,bank_transfer,0,1
CUST-01075,12,58.7,706.15,two_year,mailed_check,5,1
CUST-01076,52,102.01,5051.29,month-to-month,bank_transfer,4,1
CUST-01077,12,45.67,534.86,two_year,electronic_check,0,0
CUST-01078,31,94.53,2966.04,two_year,credit_card,1,0
CUST-01079,61,27.37,1612.34,month-to-month,electronic_check,3,0
CUST-01080,67,96.57,6524.85,month-to-month,electronic_check,5,0
CUST-01081,72,99.2,7043.71,month-to-month,bank_transfer,1,0
CUST-01082,69,60.17,4166.0,one_year,electronic_check,3,1
CUST-01083,41,92.25,3593.76,one_year,credit_card,3,0
CUST-01084,15,111.51,1730.99,month-to-month,mailed_check,5,0
CUST-01085,61,100.07,6020.06,two_year,electronic_check,1,0
CUST-01086,58,59.04,3301.36,month-to-month,electronic_check,5,0
CUST-01087,72,68.42,4895.75,one_year,electronic_check,6,0
CUST-01088,47,97.94,4596.62,one_year,electronic_check,4,0
CUST-01089,11,49.26,549.3,month-to-month,electronic_check,5,1
CUST-01090,37,100.39,3723.49,month-to-month,electronic_check,1,1
CUST-01091,33,52.81,1663.09,one_year,electronic_check,7,0
CUST-01092,61,100.6,6364.52,one_year,mailed_check,2,0
CUST-01093,29,28.68,828.1,month-to-month,electronic_check,1,1
CUST-01094,24,24.44,561.74,one_year,electronic_check,4,0
CUST-01095,6,119.77,738.21,month-to-month,electronic_check,3,1
CUST-01096,61,106.95,6628.17,month-to-month,electronic_check,3,0
CUST-01097,55,108.28,6044.66,two_year,electronic_check,6,0
CUST-01098,3,115.13,342.86,month-to-month,electronic_check,4,1
CUST-01099,32,63.83,2024.33,one_year,mailed_check,2,0
CUST-01100,35,48.68,1710.12,one_year,credit_card,6,0
CUST-01101,34,33.0,1071.66,month-to-month,electronic_check,3,1
CUST-01102,67,70.12,4603.65,month-to-month,electronic_check,7,0
CUST-01103,11,42.0,484.6,month-to-month,bank_transfer,7,1
CUST-01104,23,113.56,2654.13,month-to-month,mailed_check,3,1
CUST-01105,14,20.4,283.29,one_year,electronic_check,6,0
CUST-01106,18,34.32,600.6,month-to-month,bank_transfer,5,0
CUST-01107,66,44.65,3019.0,two_year,bank_transfer,6,0
CUST-01108,68,39.9,2647.87,month-to-month,credit_card,3,1
CUST-01109,4,42.58,164.56,month-to-month,credit_card,3,1
CUST-01110,46,85.6,3801.77,two_year,bank_transfer,2,1
CUST-01111,17,52.75,917.33,month-to-month,bank_transfer,4,1
CUST-01112,14,81.5,1157.33,one_year,mailed_check,4,1
CUST-01113,22,109.03,2295.38,one_year,credit_card,3,0
CUST-01114,14,80.26,1080.33,two_year,mailed_check,2,0
CUST-01115,36,89.45,3263.42,month-to-month,electronic_check,3,0
CUST-01116,72,56.55,4100.58,month-to-month,electronic_check,4,1
CUST-01117,43,35.97,1575.65,two_year,bank_transfer,1,0
CUST-01118,53,52.06,2670.26,month-to-month,mailed_check,5,0
CUST-01119,36,116.43,4286.39,one_year,credit_card,6,1
CUST-01120,2,82.18,171.53,one_year,electronic_check,2,0
CUST-01121,7,47.75,337.64,one_year,credit_card,3,0
CUST-01122,20,65.09,1262.27,one_year,electronic_check,0,0
CUST-01123,18,103.55,1897.39,two_year,bank_transfer,4,0
CUST-01124,61,86.84,5214.38,month-to-month,mailed_check,3,0
CUST-01125,61,76.07,4430.85,one_year,electronic_check,6,0
CUST-01126,62,108.52,6595.02,one_year,mailed_check,7,0
CUST-01127,46,87.24,4175.99,month-to-month,electronic_check,6,1
CUST-01128,41,84.27,3424.49,two_year,electronic_check,1,0
CUST-01129,47,38.98,1898.71,month-to-month,credit_card,1,1
CUST-01130,30,30.64,919.96,month-to-month,electronic_check,3,1
CUST-01131,49,116.51,5718.89,two_year,bank_transfer,4,1
CUST-01132,58,79.89,4404.13,two_year,bank_transfer,0,0
CUST-01133,55,61.57,3432.69,month-to-month,electronic_check,3,0
CUST-01134,45,78.9,3411.34,one_year,credit_card,0,0
CUST-01135,5,26.18,130.63,month-to-month,bank_transfer,2,1
CUST-01136,53,102.21,5287.43,month-to-month,credit_card,2,0
CUST-01137,27,41.66,1112.84,month-to-month,credit_card,0,0
CUST-01138,54,100.45,5444.66,two_year,bank_transfer,2,0
CUST-01139,39,73.44,2725.01,month-to-month,credit_card,5,1
CUST-01140,64,47.66,2984.36,month-to-month,electronic_check,7,1
CUST-01141,25,23.02,603.7,one_year,electronic_check,6,0
CUST-01142,68,101.58,6601.93,month-to-month,bank_transfer,2,0
CUST-01143,61,37.65,2254.93,month-to-month,electronic_check,7,0
CUST-01144,24,25.18,593.54,month-to-month,bank_transfer,3,1
CUST-01145,35,95.59,3305.22,one_year,mailed_check,2,1
CUST-01146,39,55.0,2184.81,one_year,electronic_check,6,1
CUST-01147,56,58.93,3217.02,one_year,credit_card,3,0
CUST-01148,50,44.71,2226.46,month-to-month,electronic_check,5,0
CUST-01149,62,105.92,6662.04,month-to-month,electronic_check,1,0
CUST-01150,27,49.73,1318.93,one_year,bank_transfer,2,0
CUST-01151,37,41.02,1585.82,month-to-month,bank_transfer,7,1
CUST-01152,32,50.92,1707.77,month-to-month,credit_card,1,1
CUST-01153,66,40.31,2559.59,month-to-month,electronic_check,6,1
CUST-01154,22,51.77,1121.06,month-to-month,credit_card,3,1
CUST-01155,43,28.29,1181.1,month-to-month,bank_transfer,7,1
CUST-01156,9,35.85,312.57,two_year,credit_card,3,0
CUST-01157,62,61.71,3822.28,month-to-month,electronic_check,3,0
CUST-01158,28,107.95,3041.8,one_year,mailed_check,3,1
CUST-01159,25,25.73,638.44,month-to-month,mailed_check,1,0
CUST-01160,42,41.27,1693.81,one_year,bank_transfer,6,0
CUST-01161,36,110.83,3901.71,one_year,electronic_check,4,1
CUST-01162,62,109.0,7090.68,two_year,mailed_check,4,0
CUST-01163,39,87.95,3575.17,month-to-month,bank_transfer,2,1
CUST-01164,38,44.05,1602.81,one_year,mailed_check,6,0
CUST-01165,8,61.98,503.61,month-to-month,mailed_check,2,1
CUST-01166,2,41.12,81.89,one_year,electronic_check,1,1
CUST-01167,29,32.86,970.9,two_year,credit_card,0,0
CUST-01168,72,58.0,4216.48,one_year,bank_transfer,6,0
CUST-01169,67,77.58,5400.34,one_year,mailed_check,0,0
CUST-01170,46,55.99,2464.16,two_year,credit_card,6,0
CUST-01171,46,81.08,3673.7,two_year,bank_transfer,3,0
CUST-01172,29,49.63,1509.01,month-to-month,electronic_check,0,1
CUST-01173,13,54.59,687.06,month-to-month,bank_transfer,7,1
CUST-01174,1,99.07,95.38,one_year,credit_card,5,1
CUST-01175,25,107.83,2757.51,two_year,electronic_check,5,0
CUST-01176,23,52.2,1233.99,month-to-month,bank_transfer,4,1
CUST-01177,14,77.15,1098.73,month-to-month,electronic_check,6,1
CUST-01178,19,47.82,933.6,month-to-month,credit_card,1,0
CUST-01179,2,25.33,51.65,month-to-month,bank_transfer,1,0
CUST-01180,44,93.79,3976.27,month-to-month,credit_card,4,0
CUST-01181,67,37.1,2512.62,month-to-month,bank_transfer,5,0
CUST-01182,50,62.57,3215.19,month-to-month,electronic_check,4,1
CUST-01183,33,68.7,2350.12,one_year,mailed_check,3,0
CUST-01184,31,38.45,1161.62,month-to-month,credit_card,5,0
CUST-01185,23,29.46,652.24,month-to-month,electronic_check,0,0
CUST-01186,11,54.8,619.76,month-to-month,electronic_check,4,1
CUST-01187,44,115.23,4946.63,month-to-month,bank_transfer,3,0
CUST-01188,41,81.51,3185.62,month-to-month,mailed_check,3,0
CUST-01189,1,58.14,60.03,month-to-month,electronic_check,1,1
CUST-01190,30,23.89,717.16,month-to-month,electronic_check,7,1
CUST-01191,21,80.03,1651.44,one_year,electronic_check,6,0
CUST-01192,13,29.23,361.37,month-to-month,bank_transfer,7,0
CUST-01193,51,74.25,3611.0,month-to-month,mailed_check,6,0
CUST-01194,38,95.2,3723.27,month-to-month,mailed_check,5,0
CUST-01195,46,62.36,2865.54,month-to-month,credit_card,2,0
CUST-01196,52,49.94,2505.97,month-to-month,electronic_check,0,0
CUST-01197,71,24.74,1731.58,month-to-month,bank_transfer,4,0
CUST-01198,58,22.48,1260.08,month-to-month,mailed_check,7,1
CUST-01199,45,63.0,2725.37,month-to-month,mailed_check,2,1
CUST-01200,64,108.33,6778.31,two_year,mailed_check,7,0
CUST-01201,35,44.41,1561.91,month-to-month,bank_transfer,1,1
CUST-01202,71,77.41,5336.42,month-to-month,credit_card,2,1
CUST-01203,55,88.43,4787.65,month-to-month,electronic_check,5,1
CUST-01204,47,26.08,1223.19,month-to-month,electronic_check,3,1
CUST-01205,66,35.31,2311.83,one_year,mailed_check,6,1
CUST-01206,38,53.13,1943.88,month-to-month,mailed_check,2,0
CUST-01207,52,87.01,4315.84,month-to-month,electronic_check,6,0
CUST-01208,21,63.9,1279.63,two_year,credit_card,2,0
CUST-01209,70,93.42,6441.39,month-to-month,credit_card,1,0
CUST-01210,45,106.76,4909.31,month-to-month,mailed_check,4,1
CUST-01211,57,95.84,5261.29,one_year,mailed_check,4,1
CUST-01212,34,119.22,4169.97,two_year,electronic_check,4,0
CUST-01213,63,95.44,6142.15,month-to-month,mailed_check,0,0
CUST-01214,6,105.22,599.99,one_year,bank_transfer,3,0
CUST-01215,9,103.24,885.16,month-to-month,credit_card,0,1
CUST-01216,37,93.03,3337.01,one_year,mailed_check,6,1
CUST-01217,53,100.18,5073.87,month-to-month,electronic_check,0,0
CUST-01218,59,113.47,6715.61,one_year,electronic_check,7,1
CUST-01219,32,67.52,2061.19,month-to-month,electronic_check,0,0
CUST-01220,47,83.83,4059.19,month-to-month,credit_card,4,1
CUST-01221,40,71.49,2857.75,month-to-month,credit_card,2,0
CUST-01222,70,105.1,7524.97,one_year,credit_card,0,0
CUST-01223,48,63.14,3106.5,one_year,credit_card,2,0
CUST-01224,31,101.97,3163.29,two_year,electronic_check,0,0
CUST-01225,70,99.94,7293.04,two_year,bank_transfer,5,0
CUST-01226,8,116.19,975.08,month-to-month,bank_transfer,6,0
CUST-01227,71,44.89,3142.46,one_year,electronic_check,2,0
CUST-01228,12,90.96,1050.7,month-to-month,mailed_check,3,0
CUST-01229,21,95.69,1982.05,two_year,bank_transfer,1,0
CUST-01230,60,113.63,6629.06,one_year,credit_card,3,0
CUST-01231,53,110.69,5884.77,month-to-month,electronic_check,7,1
CUST-01232,70,77.35,5348.83,month-to-month,credit_card,4,0
CUST-01233,54,77.92,4199.2,one_year,credit_card,7,0
CUST-01234,46,36.73,1734.01,two_year,credit_card,6,0
CUST-01235,25,117.5,2871.03,two_year,electronic_check,0,0
CUST-01236,1,45.5,45.67,month-to-month,electronic_check,0,1
CUST-01237,9,92.47,818.54,month-to-month,bank_transfer,2,0
CUST-01238,22,99.58,2253.18,two_year,electronic_check,7,0
CUST-01239,3,64.12,195.05,one_year,electronic_check,1,1
CUST-01240,37,41.12,1446.64,month-to-month,bank_transfer,0,1
CUST-01241,56,38.9,2213.04,one_year,electronic_check,7,0
CUST-01242,70,105.65,7151.54,one_year,mailed_check,1,0
CUST-01243,36,71.08,2616.16,one_year,credit_card,2,0
CUST-01244,64,29.01,1869.38,one_year,mailed_check,6,0
CUST-01245,71,91.7,6446.7,two_year,credit_card,0,0
CUST-01246,62,45.02,2845.23,two_year,mailed_check,1,0
CUST-01247,34,107.64,3790.25,month-to-month,mailed_check,5,1
CUST-01248,24,50.96,1257.06,month-to-month,electronic_check,0,1
CUST-01249,71,40.03,2854.82,one_year,mailed_check,5,0
CUST-01250,18,28.49,524.16,one_year,electronic_check,4,0
CUST-01251,30,71.15,2116.22,month-to-month,credit_card,1,0
CUST-01252,6,65.07,401.73,two_year,credit_card,4,1
CUST-01253,58,95.13,5699.17,month-to-month,electronic_check,2,0
CUST-01254,47,66.46,3010.34,month-to-month,electronic_check,7,0
CUST-01255,7,54.38,370.7,two_year,bank_transfer,3,1
CUST-01256,16,46.17,721.66,two_year,mailed_check,5,0
CUST-01257,40,47.81,1848.72,month-to-month,electronic_check,2,0
CUST-01258,39,112.78,4351.34,month-to-month,electronic_check,6,1
CUST-01259,58,36.51,2052.46,month-to-month,electronic_check,2,0
CUST-01260,20,118.82,2399.06,month-to-month,mailed_check,4,1
CUST-01261,67,52.69,3389.72,month-to-month,electronic_check,6,1
CUST-01262,33,28.84,929.79,month-to-month,bank_transfer,7,1
CUST-01263,60,44.87,2736.7,month-to-month,electronic_check,6,1
CUST-01264,18,25.84,460.43,one_year,mailed_check,5,0
CUST-01265,3,99.0,294.68,one_year,mailed_check,5,1
CUST-01266,4,71.26,293.51,one_year,electronic_check,3,1
CUST-01267,27,53.7,1520.11,month-to-month,credit_card,5,0
CUST-01268,69,86.2,5986.85,month-to-month,bank_transfer,4,0
CUST-01269,4,83.06,318.27,month-to-month,credit_card,4,1
CUST-01270,27,113.99,2955.44,two_year,mailed_check,2,1
CUST-01271,8,116.13,972.53,month-to-month,mailed_check,2,1
CUST-01272,68,88.07,6095.99,one_year,electronic_check,0,0
CUST-01273,49,101.78,5113.21,month-to-month,mailed_check,5,1
CUST-01274,55,99.24,5554.28,two_year,bank_transfer,0,0
CUST-01275,52,69.13,3479.61,month-to-month,mailed_check,0,0
CUST-01276,48,90.45,4318.98,month-to-month,electronic_check,2,1
CUST-01277,56,27.83,1604.7,two_year,electronic_check,1,0
CUST-01278,1,95.8,99.31,month-to-month,electronic_check,5,1
CUST-01279,63,116.18,7127.29,one_year,electronic_check,1,0
CUST-01280,54,28.5,1553.63,month-to-month,bank_transfer,3,0
CUST-01281,54,103.61,5403.17,two_year,credit_card,5,0
CUST-01282,29,113.3,3436.22,one_year,electronic_check,4,0
CUST-01283,58,42.62,2410.64,month-to-month,electronic_check,4,1
CUST-01284,28,72.48,2075.47,two_year,electronic_check,2,0
CUST-01285,4,112.79,439.01,one_year,electronic_check,3,1
CUST-01286,66,116.02,7746.36,one_year,bank_transfer,6,0
CUST-01287,17,32.79,566.28,month-to-month,electronic_check,3,1
CUST-01288,8,54.9,431.67,month-to-month,credit_card,5,1
CUST-01289,45,89.81,4170.51,one_year,credit_card,6,0
CUST-01290,17,42.16,744.27,month-to-month,mailed_check,1,0
CUST-01291,62,52.48,3369.1,two_year,credit_card,0,0
CUST-01292,32,22.33,702.44,month-to-month,bank_transfer,3,0
CUST-01293,1,35.35,36.22,one_year,credit_card,3,1
CUST-01294,69,76.23,5291.37,month-to-month,electronic_check,1,0
CUST-01295,38,85.31,3271.77,one_year,credit_card,6,0
CUST-01296,19,84.89,1609.29,month-to-month,electronic_check,4,1
CUST-01297,49,97.84,4842.03,month-to-month,mailed_check,5,1
CUST-01298,39,61.53,2312.17,month-to-month,credit_card,5,1
CUST-01299,3,47.35,140.75,one_year,mailed_check,3,0
CUST-01300,55,21.56,1147.48,month-to-month,electronic_check,4,1
CUST-01301,29,40.66,1153.3,one_year,electronic_check,1,0
CUST-01302,51,51.24,2515.92,month-to-month,electronic_check,5,1
CUST-01303,65,37.82,2387.67,one_year,mailed_check,7,0
CUST-01304,44,22.01,995.94,one_year,mailed_check,6,1
CUST-01305,49,35.74,1760.22,month-to-month,mailed_check,3,0
CUST-01306,19,86.61,1567.2,month-to-month,credit_card,0,1
CUST-01307,18,82.96,1536.34,month-to-month,electronic_check,7,0
CUST-01308,30,113.57,3546.56,one_year,credit_card,4,1
CUST-01309,62,99.82,6424.08,two_year,bank_transfer,6,0
CUST-01310,38,76.78,3011.71,month-to-month,bank_transfer,2,1
CUST-01311,26,33.76,920.85,one_year,bank_transfer,6,0
CUST-01312,57,76.41,4392.84,one_year,credit_card,6,0
CUST-01313,62,26.16,1696.92,one_year,electronic_check,0,0
CUST-01314,65,63.09,4284.81,month-to-month,bank_transfer,4,1
CUST-01315,22,59.03,1274.32,two_year,credit_card,3,0
CUST-01316,52,62.78,3383.28,month-to-month,bank_transfer,5,1
CUST-01317,43,47.98,2123.6,two_year,electronic_check,2,0
CUST-01318,33,88.58,3003.86,month-to-month,bank_transfer,0,1
CUST-01319,29,104.09,3138.37,two_year,credit_card,2,0
CUST-01320,9,96.85,861.57,two_year,electronic_check,4,1
CUST-01321,20,82.78,1638.96,two_year,bank_transfer,2,0
CUST-01322,40,73.83,2994.74,month-to-month,credit_card,3,1
CUST-01323,64,23.11,1514.11,two_year,mailed_check,3,0
CUST-01324,63,92.29,6035.28,month-to-month,electronic_check,5,0
CUST-01325,14,74.5,1082.18,one_year,mailed_check,3,0
CUST-01326,49,47.07,2357.69,month-to-month,bank_transfer,1,0
CUST-01327,7,52.78,386.37,one_year,mailed_check,5,0
CUST-01328,49,113.56,5385.65,month-to-month,bank_transfer,1,1
CUST-01329,25,82.44,2153.72,month-to-month,mailed_check,2,0
CUST-01330,33,67.59,2133.3,month-to-month,credit_card,5,1
CUST-01331,52,82.09,4292.54,month-to-month,credit_card,2,0
CUST-01332,31,61.37,1824.63,month-to-month,credit_card,0,0
CUST-01333,59,67.02,3980.96,two_year,mailed_check,2,0
CUST-01334,39,49.03,1891.19,one_year,electronic_check,3,0
CUST-01335,72,63.99,4414.19,one_year,bank_transfer,5,0
CUST-01336,46,88.56,4134.06,two_year,electronic_check,5,1
CUST-01337,22,23.99,540.08,month-to-month,mailed_check,0,0
CUST-01338,56,99.5,5390.6,month-to-month,electronic_check,6,0
CUST-01339,30,48.3,1477.11,month-to-month,mailed_check,5,1
CUST-01340,39,88.26,3331.51,month-to-month,bank_transfer,1,1
CUST-01341,10,84.27,812.17,one_year,mailed_check,2,0
CUST-01342,9,85.26,740.31,one_year,mailed_check,6,0
CUST-01343,42,80.81,3427.77,one_year,electronic_check,4,0
CUST-01344,14,115.91,1667.98,one_year,electronic_check,2,0
CUST-01345,72,70.83,5149.49,month-to-month,mailed_check,6,1
CUST-01346,62,93.23,5959.2,one_year,credit_card,5,1
CUST-01347,51,90.54,4660.03,month-to-month,credit_card,4,1
CUST-01348,53,43.63,2380.97,two_year,credit_card,0,0
CUST-01349,43,48.33,2177.25,month-to-month,electronic_check,5,1
CUST-01350,5,62.4,308.61,month-to-month,electronic_check,1,1
CUST-01351,29,47.77,1336.83,month-to-month,mailed_check,7,1
CUST-01352,36,56.67,1965.89,month-to-month,bank_transfer,1,0
CUST-01353,66,59.1,3938.36,month-to-month,bank_transfer,0,0
CUST-01354,16,80.39,1292.24,month-to-month,bank_transfer,3,0
CUST-01355,36,41.99,1463.87,one_year,mailed_check,2,0
CUST-01356,25,100.43,2606.67,two_year,mailed_check,2,0
CUST-01357,10,63.75,666.66,month-to-month,credit_card,7,1
CUST-01358,8,90.62,707.1,month-to-month,electronic_check,2,0
CUST-01359,27,28.14,737.62,two_year,credit_card,6,0
CUST-01360,6,67.0,390.48,month-to-month,bank_transfer,1,0
CUST-01361,5,22.82,112.83,two_year,electronic_check,4,1
CUST-01362,26,87.59,2357.81,month-to-month,credit_card,1,0
CUST-01363,15,54.37,823.39,month-to-month,credit_card,1,1
CUST-01364,40,114.93,4398.22,month-to-month,bank_transfer,1,1
CUST-01365,2,52.41,104.54,month-to-month,electronic_check,2,1
CUST-01366,22,76.38,1611.53,one_year,electronic_check,3,1
CUST-01367,33,45.74,1495.22,two_year,bank_transfer,6,0
CUST-01368,70,82.01,5685.4,month-to-month,electronic_check,6,0
CUST-01369,46,66.7,3113.92,two_year,electronic_check,5,0
CUST-01370,64,57.06,3670.08,month-to-month,mailed_check,3,0
CUST-01371,25,40.37,1047.04,month-to-month,electronic_check,2,0
CUST-01372,33,31.15,978.29,two_year,bank_transfer,2,0
CUST-01373,31,31.99,1018.8,two_year,mailed_check,1,1
CUST-01374,64,119.9,7307.55,month-to-month,electronic_check,5,0
CUST-01375,70,61.23,4202.29,month-to-month,mailed_check,6,1
CUST-01376,70,20.19,1467.17,month-to-month,electronic_check,4,0
CUST-01377,55,115.29,6461.85,month-to-month,electronic_check,4,1
CUST-01378,37,22.0,787.23,one_year,mailed_check,2,0
CUST-01379,39,61.86,2410.26,month-to-month,mailed_check,7,1
CUST-01380,71,91.75,6658.64,one_year,electronic_check,7,0
CUST-01381,21,111.46,2443.03,month-to-month,bank_transfer,3,0
CUST-01382,25,91.29,2312.87,month-to-month,mailed_check,6,1
CUST-01383,65,66.36,4108.53,month-to-month,bank_transfer,2,0
CUST-01384,28,117.44,3288.34,month-to-month,mailed_check,0,1
CUST-01385,17,23.93,392.72,one_year,bank_transfer,2,0
CUST-01386,41,118.69,4646.2,two_year,bank_transfer,6,1
CUST-01387,24,104.94,2543.35,two_year,electronic_check,3,0
CUST-01388,65,112.89,7541.25,one_year,bank_transfer,6,0
CUST-01389,66,45.48,2862.25,month-to-month,bank_transfer,2,1
CUST-01390,23,34.25,809.99,two_year,electronic_check,3,0
CUST-01391,39,86.33,3436.42,two_year,bank_transfer,0,0
CUST-01392,71,71.59,5210.68,two_year,credit_card,6,0
CUST-01393,54,72.32,3805.42,month-to-month,electronic_check,2,0
CUST-01394,16,112.46,1780.24,month-to-month,credit_card,0,0
CUST-01395,43,82.01,3392.26,one_year,mailed_check,1,0
CUST-01396,45,51.11,2239.74,month-to-month,bank_transfer,5,1
CUST-01397,48,60.01,2823.52,month-to-month,credit_card,6,0
CUST-01398,2,33.35,65.49,month-to-month,credit_card,7,1
CUST-01399,22,39.23,835.04,one_year,bank_transfer,1,0
CUST-01400,62,34.34,2062.5,month-to-month,bank_transfer,4,0
CUST-01401,18,101.03,1891.53,one_year,electronic_check,3,1
CUST-01402,22,90.49,2047.24,one_year,electronic_check,5,1
CUST-01403,24,73.03,1725.57,month-to-month,credit_card,5,0
CUST-01404,13,57.44,780.1,month-to-month,mailed_check,0,0
CUST-01405,12,86.85,1014.98,two_year,credit_card,1,0
CUST-01406,25,101.29,2508.67,month-to-month,electronic_check,4,1
CUST-01407,63,108.12,7025.34,month-to-month,electronic_check,4,1
CUST-01408,1,74.7,74.27,month-to-month,electronic_check,7,1
CUST-01409,21,101.99,2084.92,month-to-month,mailed_check,6,1
CUST-01410,5,71.13,350.98,one_year,electronic_check,0,0
CUST-01411,41,67.45,2765.77,month-to-month,mailed_check,4,0
CUST-01412,19,106.54,2048.74,two_year,credit_card,3,0
CUST-01413,58,58.64,3368.87,month-to-month,credit_card,3,1
CUST-01414,43,59.59,2544.82,two_year,bank_transfer,0,0
CUST-01415,57,50.49,2810.06,one_year,electronic_check,6,0
CUST-01416,46,71.87,3317.71,month-to-month,mailed_check,1,1
CUST-01417,32,74.49,2316.65,one_year,bank_transfer,7,1
CUST-01418,62,86.05,5530.93,month-to-month,electronic_check,7,1
CUST-01419,35,63.05,2261.35,two_year,mailed_check,6,0
CUST-01420,69,41.78,2857.21,one_year,credit_card,0,0
CUST-01421,72,106.68,7871.17,month-to-month,electronic_check,3,0
CUST-01422,43,54.6,2232.06,month-to-month,credit_card,0,0
CUST-01423,49,112.29,5416.85,two_year,electronic_check,4,0
CUST-01424,19,40.74,769.35,one_year,electronic_check,6,0
CUST-01425,59,76.01,4470.8,month-to-month,electronic_check,4,0
CUST-01426,49,73.66,3699.19,month-to-month,credit_card,0,0
CUST-01427,65,102.86,6995.65,month-to-month,bank_transfer,2,0
CUST-01428,20,33.89,669.57,one_year,bank_transfer,1,0
CUST-01429,57,110.99,6232.12,one_year,mailed_check,3,0
CUST-01430,34,73.14,2514.34,two_year,credit_card,2,0
CUST-01431,14,78.61,1076.48,one_year,bank_transfer,6,1
CUST-01432,13,71.02,890.11,one_year,bank_transfer,1,0
CUST-01433,41,23.6,1012.37,month-to-month,bank_transfer,2,0
CUST-01434,24,69.71,1724.8,one_year,bank_transfer,1,1
CUST-01435,8,46.35,387.84,month-to-month,bank_transfer,7,1
CUST-01436,31,54.27,1634.86,two_year,electronic_check,2,0
CUST-01437,48,84.91,3879.16,month-to-month,credit_card,7,1
CUST-01438,23,69.77,1594.64,one_year,electronic_check,5,1
CUST-01439,69,29.32,2110.93,two_year,credit_card,2,0
CUST-01440,57,27.3,1500.05,one_year,mailed_check,4,0
CUST-01441,37,38.57,1372.31,month-to-month,electronic_check,0,1
CUST-01442,68,39.09,2543.45,one_year,electronic_check,7,1
CUST-01443,32,80.83,2655.11,month-to-month,bank_transfer,7,0
CUST-01444,11,37.78,427.48,month-to-month,mailed_check,2,1
CUST-01445,3,108.17,330.86,one_year,credit_card,1,1
CUST-01446,68,40.98,2661.9,two_year,bank_transfer,3,0
CUST-01447,70,29.11,2083.42,month-to-month,electronic_check,6,1
CUST-01448,54,107.57,5779.19,two_year,mailed_check,5,1
CUST-01449,8,49.53,382.71,month-to-month,bank_transfer,0,1
CUST-01450,22,62.54,1347.74,two_year,credit_card,0,0
CUST-01451,3,115.9,347.75,one_year,mailed_check,1,1
CUST-01452,4,114.44,449.95,two_year,credit_card,6,1
CUST-01453,18,91.49,1724.21,two_year,electronic_check,2,0
CUST-01454,42,26.89,1126.69,two_year,bank_transfer,7,1
CUST-01455,5,79.33,391.6,one_year,bank_transfer,2,0
CUST-01456,71,118.91,8588.65,month-to-month,mailed_check,7,0
CUST-01457,33,114.69,3841.8,month-to-month,electronic_check,7,1
CUST-01458,19,30.6,552.48,one_year,bank_transfer,5,0
CUST-01459,38,59.6,2291.51,month-to-month,mailed_check,1,0
CUST-01460,57,51.55,2863.26,two_year,electronic_check,0,0
CUST-01461,23,32.97,748.91,month-to-month,electronic_check,1,1
CUST-01462,4,89.48,365.3,two_year,bank_transfer,5,1
CUST-01463,4,47.38,190.63,month-to-month,electronic_check,5,1
CUST-01464,62,54.49,3333.8,two_year,mailed_check,7,0
CUST-01465,9,29.04,252.63,two_year,credit_card,7,1
CUST-01466,46,69.8,3212.41,month-to-month,bank_transfer,2,1
CUST-01467,28,35.82,984.75,one_year,mailed_check,3,0
CUST-01468,56,63.21,3685.87,month-to-month,mailed_check,6,0
CUST-01469,5,34.33,172.26,two_year,electronic_check,6,1
CUST-01470,65,115.38,7774.5,two_year,mailed_check,2,0
CUST-01471,51,34.5,1740.09,month-to-month,electronic_check,0,1
CUST-01472,33,72.19,2460.23,month-to-month,electronic_check,0,0
CUST-01473,15,39.7,569.06,month-to-month,electronic_check,6,1
CUST-01474,71,27.64,1922.56,month-to-month,bank_transfer,2,1
CUST-01475,22,40.23,847.74,two_year,electronic_check,5,0
CUST-01476,36,25.48,874.23,month-to-month,electronic_check,6,1
CUST-01477,29,33.94,1025.48,two_year,credit_card,7,0
CUST-01478,17,69.35,1204.49,two_year,electronic_check,3,0
CUST-01479,30,85.18,2587.42,two_year,bank_transfer,5,0
CUST-01480,11,28.73,317.1,one_year,mailed_check,1,1
CUST-01481,1,64.1,64.55,month-to-month,bank_transfer,7,0
CUST-01482,21,78.12,1663.37,two_year,electronic_check,7,1
CUST-01483,9,43.42,403.57,one_year,electronic_check,3,1
CUST-01484,30,57.21,1732.86,two_year,credit_card,2,0
CUST-01485,63,27.18,1755.13,month-to-month,mailed_check,5,1
CUST-01486,12,42.01,493.12,month-to-month,electronic_check,3,1
CUST-01487,1,66.68,69.85,two_year,mailed_check,5,1
CUST-01488,8,119.04,907.77,two_year,mailed_check,0,1
CUST-01489,37,119.63,4375.98,month-to-month,electronic_check,2,0
CUST-01490,20,117.96,2449.38,one_year,mailed_check,6,0
CUST-01491,36,62.31,2171.45,month-to-month,mailed_check,7,1
CUST-01492,3,28.07,81.18,one_year,bank_transfer,0,0
CUST-01493,24,52.36,1239.67,month-to-month,credit_card,6,0
CUST-01494,30,43.77,1303.71,month-to-month,mailed_check,0,1
CUST-01495,32,21.41,714.9,month-to-month,credit_card,6,1
CUST-01496,40,29.52,1220.63,month-to-month,mailed_check,2,0
CUST-01497,57,65.32,3709.82,month-to-month,mailed_check,2,0
CUST-01498,34,53.97,1921.64,month-to-month,bank_transfer,5,0
CUST-01499,61,38.04,2353.17,month-to-month,bank_transfer,6,0
CUST-01500,39,91.61,3706.29,one_year,electronic_check,3,0
CUST-01501,19,55.71,1031.64,one_year,credit_card,2,1
CUST-01502,17,105.19,1786.2,one_year,credit_card,7,0
CUST-01503,24,44.1,1008.57,month-to-month,electronic_check,7,1
CUST-01504,44,73.84,3089.37,month-to-month,mailed_check,4,1
CUST-01505,18,38.41,705.66,two_year,bank_transfer,0,0
CUST-01506,66,69.53,4413.82,two_year,credit_card,7,1
CUST-01507,35,35.25,1239.53,two_year,bank_transfer,4,0
CUST-01508,63,36.16,2322.59,two_year,electronic_check,4,0
CUST-01509,50,81.22,3871.15,one_year,bank_transfer,0,1
CUST-01510,25,46.38,1153.52,two_year,electronic_check,7,1
CUST-01511,17,37.24,644.68,month-to-month,bank_transfer,5,0
CUST-01512,54,112.98,6338.51,one_year,bank_transfer,1,0
CUST-01513,24,24.3,571.5,two_year,bank_transfer,2,0
CUST-01514,18,76.51,1442.58,one_year,electronic_check,2,0
CUST-01515,67,74.83,5186.1,month-to-month,mailed_check,6,1
CUST-01516,35,45.06,1600.89,month-to-month,bank_transfer,3,1
CUST-01517,4,65.28,258.29,month-to-month,electronic_check,6,1
CUST-01518,36,28.77,1057.72,month-to-month,electronic_check,5,1
CUST-01519,34,92.13,3231.36,two_year,electronic_check,2,1
CUST-01520,63,42.17,2604.43,one_year,credit_card,3,0
CUST-01521,52,39.34,2146.42,month-to-month,mailed_check,6,1
CUST-01522,14,51.49,750.28,one_year,bank_transfer,3,0
CUST-01523,11,110.24,1210.85,month-to-month,mailed_check,5,1
CUST-01524,44,99.65,4482.15,one_year,credit_card,0,1
CUST-01525,4,114.69,459.86,month-to-month,mailed_check,3,1
CUST-01526,23,85.2,2010.64,month-to-month,electronic_check,4,1
CUST-01527,10,86.29,891.14,one_year,electronic_check,2,0
CUST-01528,2,68.0,129.52,one_year,electronic_check,6,1
CUST-01529,67,110.52,7093.11,one_year,credit_card,1,0
CUST-01530,7,71.09,489.48,month-to-month,bank_transfer,6,1
CUST-01531,1,55.51,57.82,one_year,bank_transfer,0,1
CUST-01532,68,84.04,5656.42,month-to-month,bank_transfer,3,0
CUST-01533,14,74.61,1085.07,month-to-month,credit_card,4,1
CUST-01534,59,32.4,1904.54,one_year,credit_card,2,0
CUST-01535,3,59.27,174.06,one_year,bank_transfer,4,1
CUST-01536,12,51.33,640.67,two_year,electronic_check,7,1
CUST-01537,8,104.68,842.55,month-to-month,electronic_check,3,1
CUST-01538,51,57.88,2910.91,two_year,bank_transfer,4,0
CUST-01539,45,102.16,4387.56,month-to-month,bank_transfer,7,1
CUST-01540,35,64.24,2160.89,one_year,mailed_check,7,0
CUST-01541,18,95.35,1654.4,two_year,electronic_check,0,0
CUST-01542,7,33.53,231.53,one_year,bank_transfer,5,0
CUST-01543,41,112.47,4660.56,two_year,mailed_check,6,1
CUST-01544,17,68.06,1134.69,two_year,electronic_check,7,0
CUST-01545,43,45.98,1891.23,month-to-month,credit_card,6,0
CUST-01546,50,44.15,2155.53,two_year,bank_transfer,0,1
CUST-01547,62,46.51,2857.15,two_year,electronic_check,6,0
CUST-01548,36,56.67,2140.64,month-to-month,electronic_check,6,1
CUST-01549,1,91.75,90.77,month-to-month,bank_transfer,4,1
CUST-01550,21,114.96,2314.99,month-to-month,mailed_check,0,0
CUST-01551,62,86.9,5431.74,two_year,electronic_check,1,0
CUST-01552,39,74.72,3036.23,two_year,bank_transfer,2,0
CUST-01553,45,64.86,3002.37,two_year,bank_transfer,6,1
CUST-01554,33,102.82,3507.12,month-to-month,electronic_check,1,0
CUST-01555,12,104.97,1313.53,month-to-month,mailed_check,5,1
CUST-01556,65,49.3,3248.5,month-to-month,bank_transfer,1,1
CUST-01557,56,115.34,6778.83,month-to-month,electronic_check,6,0
CUST-01558,72,59.51,4084.85,month-to-month,electronic_check,0,1
CUST-01559,62,100.01,6408.1,month-to-month,electronic_check,1,1
CUST-01560,21,116.68,2537.8,month-to-month,mailed_check,0,0
CUST-01561,19,90.37,1788.5,month-to-month,credit_card,4,1
CUST-01562,18,36.16,649.37,one_year,mailed_check,6,1
CUST-01563,67,78.61,5418.68,month-to-month,credit_card,3,1
CUST-01564,41,31.88,1267.13,month-to-month,mailed_check,4,0
CUST-01565,33,98.91,3297.83,one_year,bank_transfer,5,1
CUST-01566,70,48.13,3321.58,two_year,mailed_check,3,0
CUST-01567,44,89.52,3976.83,one_year,bank_transfer,6,1
CUST-01568,66,111.01,7455.22,one_year,credit_card,2,0
CUST-01569,71,38.1,2663.8,one_year,mailed_check,1,0
CUST-01570,6,59.29,345.62,one_year,mailed_check,1,0
CUST-01571,27,84.71,2246.44,one_year,credit_card,1,0
CUST-01572,53,61.97,3338.04,month-to-month,credit_card,0,0
CUST-01573,59,37.48,2250.55,one_year,credit_card,0,0
CUST-01574,11,22.91,258.06,month-to-month,electronic_check,0,1
CUST-01575,23,60.66,1343.07,month-to-month,electronic_check,1,1
CUST-01576,40,84.92,3505.03,month-to-month,mailed_check,5,1
CUST-01577,58,77.4,4573.57,month-to-month,bank_transfer,1,0
CUST-01578,9,35.62,305.56,month-to-month,electronic_check,4,1
CUST-01579,44,65.07,2815.98,one_year,mailed_check,0,1
CUST-01580,22,56.95,1248.67,month-to-month,bank_transfer,6,0
CUST-01581,16,47.42,748.15,month-to-month,electronic_check,2,1
CUST-01582,38,92.93,3396.13,month-to-month,bank_transfer,3,1
CUST-01583,30,50.97,1484.21,month-to-month,electronic_check,5,0
CUST-01584,46,74.01,3242.78,one_year,credit_card,7,1
CUST-01585,23,112.32,2478.29,month-to-month,mailed_check,6,1
CUST-01586,60,73.93,4331.99,month-to-month,bank_transfer,3,1
CUST-01587,6,81.7,505.9,month-to-month,mailed_check,2,1
CUST-01588,63,27.32,1726.04,month-to-month,electronic_check,2,0
CUST-01589,3,37.81,112.58,month-to-month,mailed_check,0,0
CUST-01590,53,30.1,1620.91,month-to-month,credit_card,2,0
CUST-01591,25,96.48,2422.04,one_year,mailed_check,6,0
CUST-01592,28,103.59,2793.7,two_year,electronic_check,2,0
CUST-01593,2,38.65,75.15,one_year,bank_transfer,3,1
CUST-01594,51,41.93,2078.95,month-to-month,electronic_check,0,0
CUST-01595,12,52.32,634.12,month-to-month,mailed_check,2,1
CUST-01596,48,79.11,3782.6,one_year,mailed_check,0,0
CUST-01597,53,82.18,4306.56,month-to-month,mailed_check,3,0
CUST-01598,61,88.68,5439.84,two_year,electronic_check,2,0
CUST-01599,51,110.52,5901.46,month-to-month,electronic_check,7,1
CUST-01600,22,49.5,1068.85,month-to-month,electronic_check,4,1
CUST-01601,54,85.88,4646.66,month-to-month,mailed_check,2,1
CUST-01602,60,75.97,4549.39,two_year,bank_transfer,4,0
CUST-01603,23,50.58,1188.63,two_year,bank_transfer,7,0
CUST-01604,9,110.74,1019.63,two_year,electronic_check,1,0
CUST-01605,65,29.55,1964.64,month-to-month,electronic_check,2,0
CUST-01606,11,91.2,973.26,one_year,bank_transfer,4,1
CUST-01607,43,92.79,3969.55,month-to-month,mailed_check,0,1
CUST-01608,18,111.53,2070.06,month-to-month,credit_card,4,1
CUST-01609,10,71.86,710.07,one_year,electronic_check,1,0
CUST-01610,56,52.16,3062.54,two_year,electronic_check,6,0
CUST-01611,11,102.77,1115.23,month-to-month,mailed_check,6,1
CUST-01612,49,97.08,4755.86,month-to-month,bank_transfer,0,1
CUST-01613,50,70.03,3492.66,month-to-month,mailed_check,4,1
CUST-01614,5,96.79,480.72,month-to-month,electronic_check,1,1
CUST-01615,13,46.79,629.26,month-to-month,electronic_check,4,0
CUST-01616,58,78.95,4421.28,two_year,bank_transfer,4,1
CUST-01617,37,106.52,3967.85,month-to-month,electronic_check,7,1
CUST-01618,9,51.8,471.72,one_year,bank_transfer,1,1
CUST-01619,72,68.35,5094.42,month-to-month,electronic_check,4,0
CUST-01620,20,115.1,2327.23,month-to-month,electronic_check,7,1
CUST-01621,1,99.82,104.41,month-to-month,electronic_check,0,0
CUST-01622,67,108.7,7554.22,month-to-month,credit_card,2,0
CUST-01623,2,58.52,115.28,month-to-month,electronic_check,5,1
CUST-01624,40,119.65,4958.27,one_year,electronic_check,0,0
CUST-01625,72,35.26,2654.86,two_year,credit_card,1,0
CUST-01626,42,71.88,2945.54,month-to-month,electronic_check,7,1
CUST-01627,43,67.93,2953.07,one_year,electronic_check,4,0
CUST-01628,28,99.84,2734.61,two_year,electronic_check,0,0
CUST-01629,10,110.86,1125.2,month-to-month,bank_transfer,6,1
CUST-01630,42,93.11,3751.87,two_year,mailed_check,4,0
CUST-01631,65,82.68,5500.17,two_year,credit_card,3,1
CUST-01632,7,62.74,435.68,two_year,bank_transfer,7,1
CUST-01633,64,71.03,4585.78,one_year,mailed_check,2,0
CUST-01634,30,70.93,2027.01,one_year,electronic_check,3,0
CUST-01635,39,22.04,876.23,month-to-month,credit_card,4,1
CUST-01636,12,70.3,843.32,one_year,credit_card,1,0
CUST-01637,45,105.6,4811.39,two_year,credit_card,1,1
CUST-01638,14,90.93,1249.52,month-to-month,electronic_check,1,0
CUST-01639,20,99.57,1920.89,one_year,bank_transfer,2,0
CUST-01640,52,59.05,3050.7,month-to-month,bank_transfer,0,0
CUST-01641,4,72.9,304.54,month-to-month,credit_card,4,0
CUST-01642,33,23.35,749.52,one_year,electronic_check,7,0
CUST-01643,43,58.3,2550.97,one_year,bank_transfer,2,0
CUST-01644,10,67.44,644.06,one_year,bank_transfer,0,0
CUST-01645,22,45.52,1023.3,two_year,credit_card,0,1
CUST-01646,25,23.12,562.98,month-to-month,bank_transfer,1,0
CUST-01647,48,89.04,4253.24,two_year,credit_card,4,0
CUST-01648,71,63.51,4449.49,one_year,mailed_check,3,0
CUST-01649,61,61.57,3610.23,two_year,electronic_check,3,0
CUST-01650,14,45.0,620.25,month-to-month,mailed_check,6,1
CUST-01651,2,73.78,145.35,month-to-month,credit_card,3,1
CUST-01652,4,63.8,255.77,two_year,electronic_check,4,1
CUST-01653,43,67.4,3035.03,month-to-month,bank_transfer,7,0
CUST-01654,12,78.09,934.24,month-to-month,credit_card,1,1
CUST-01655,17,20.63,365.29,one_year,credit_card,0,0
CUST-01656,62,110.77,6841.31,one_year,bank_transfer,1,0
CUST-01657,63,27.11,1640.82,two_year,credit_card,1,0
CUST-01658,61,65.09,3863.49,one_year,electronic_check,6,0
CUST-01659,19,40.74,766.85,two_year,mailed_check,7,1
CUST-01660,45,72.38,3200.14,month-to-month,mailed_check,4,1
CUST-01661,44,48.02,2190.31,one_year,bank_transfer,1,0
CUST-01662,14,106.0,1510.52,two_year,electronic_check,6,0
CUST-01663,40,59.64,2404.12,one_year,electronic_check,7,0
CUST-01664,38,83.88,3184.48,month-to-month,bank_transfer,3,1
CUST-01665,29,44.89,1288.38,month-to-month,mailed_check,5,1
CUST-01666,55,21.94,1220.27,one_year,credit_card,4,0
CUST-01667,49,60.42,2849.23,one_year,mailed_check,4,0
CUST-01668,39,73.65,2775.37,month-to-month,credit_card,2,0
CUST-01669,53,65.95,3426.78,one_year,mailed_check,2,0
CUST-01670,55,116.2,6180.93,two_year,bank_transfer,2,0
CUST-01671,41,90.68,3783.89,month-to-month,bank_transfer,2,1
CUST-01672,20,119.57,2277.7,one_year,electronic_check,6,1
CUST-01673,55,49.51,2630.3,one_year,electronic_check,6,1
CUST-01674,52,98.91,5350.14,month-to-month,credit_card,0,1
CUST-01675,71,75.56,5631.37,month-to-month,electronic_check,0,0
CUST-01676,11,81.18,891.83,month-to-month,bank_transfer,3,1
CUST-01677,31,118.59,3674.44,two_year,electronic_check,6,1
CUST-01678,67,85.4,5878.15,month-to-month,bank_transfer,4,0
CUST-01679,38,109.88,3981.84,month-to-month,electronic_check,6,1
CUST-01680,68,92.58,6249.16,month-to-month,bank_transfer,5,1
CUST-01681,1,32.74,31.43,two_year,mailed_check,5,0
CUST-01682,3,89.94,267.15,one_year,electronic_check,4,0
CUST-01683,58,68.43,4161.06,month-to-month,mailed_check,0,0
CUST-01684,26,111.88,2982.65,two_year,credit_card,1,0
CUST-01685,38,100.68,4011.55,month-to-month,bank_transfer,5,1
CUST-01686,31,30.41,966.02,month-to-month,credit_card,2,0
CUST-01687,30,33.39,1012.58,month-to-month,bank_transfer,5,0
CUST-01688,68,26.96,1879.96,one_year,bank_transfer,2,0
CUST-01689,7,69.32,492.99,two_year,mailed_check,0,0
CUST-01690,56,28.08,1566.67,month-to-month,credit_card,5,1
CUST-01691,65,92.37,5879.36,one_year,mailed_check,7,0
CUST-01692,48,75.24,3618.61,one_year,mailed_check,3,1
CUST-01693,29,103.59,2931.52,two_year,credit_card,1,0
CUST-01694,12,47.98,574.99,two_year,credit_card,3,0
CUST-01695,50,71.91,3468.46,one_year,mailed_check,7,0
CUST-01696,34,31.75,1086.49,month-to-month,electronic_check,2,1
CUST-01697,11,108.46,1162.68,month-to-month,bank_transfer,0,0
CUST-01698,26,37.5,954.89,two_year,bank_transfer,6,0
CUST-01699,70,30.24,2116.33,one_year,mailed_check,1,1
CUST-01700,20,40.51,782.76,month-to-month,bank_transfer,0,1
CUST-01701,13,100.62,1368.58,two_year,mailed_check,5,0
CUST-01702,50,30.58,1520.96,two_year,electronic_check,2,0
CUST-01703,15,81.44,1203.6,one_year,bank_transfer,1,0
CUST-01704,67,94.62,6040.95,two_year,mailed_check,0,0
CUST-01705,62,95.11,6099.11,month-to-month,bank_transfer,1,0
CUST-01706,71,39.01,2804.28,one_year,electronic_check,1,0
CUST-01707,66,26.16,1712.28,two_year,credit_card,0,0
CUST-01708,18,64.88,1138.13,month-to-month,electronic_check,2,1
CUST-01709,16,40.25,659.76,month-to-month,credit_card,6,0
CUST-01710,25,89.93,2348.33,one_year,bank_transfer,3,0
CUST-01711,34,55.67,1870.2,month-to-month,electronic_check,0,0
CUST-01712,64,64.94,4004.12,month-to-month,credit_card,7,0
CUST-01713,53,31.35,1596.54,month-to-month,mailed_check,5,1
CUST-01714,47,76.76,3429.41,month-to-month,mailed_check,7,1
CUST-01715,64,38.55,2527.55,month-to-month,credit_card,4,0
CUST-01716,47,87.9,4330.11,two_year,credit_card,3,0
CUST-01717,28,27.12,796.69,one_year,bank_transfer,4,0
CUST-01718,30,117.59,3627.94,one_year,credit_card,0,1
CUST-01719,38,88.45,3247.66,month-to-month,electronic_check,3,1
CUST-01720,7,38.17,279.98,month-to-month,electronic_check,3,1
CUST-01721,54,21.41,1136.2,month-to-month,electronic_check,2,0
CUST-01722,47,53.45,2470.18,two_year,mailed_check,6,0
CUST-01723,53,35.28,1904.94,two_year,bank_transfer,7,0
CUST-01724,39,41.84,1558.22,month-to-month,electronic_check,3,1
CUST-01725,57,107.28,6313.87,two_year,bank_transfer,6,0
CUST-01726,69,80.32,5817.72,month-to-month,electronic_check,1,0
CUST-01727,42,37.65,1624.61,month-to-month,mailed_check,7,1
CUST-01728,32,75.67,2489.51,one_year,bank_transfer,5,1
CUST-01729,8,45.58,360.63,month-to-month,electronic_check,5,1
CUST-01730,57,117.62,6413.32,two_year,bank_transfer,4,1
CUST-01731,66,23.28,1581.16,month-to-month,bank_transfer,6,0
CUST-01732,51,93.23,4801.02,one_year,mailed_check,4,0
CUST-01733,63,97.3,6380.8,month-to-month,credit_card,7,1
CUST-01734,63,26.72,1618.49,month-to-month,credit_card,5,0
CUST-01735,58,37.19,2114.81,month-to-month,electronic_check,3,0
CUST-01736,37,58.43,2131.81,two_year,bank_transfer,1,0
CUST-01737,8,106.82,870.19,one_year,electronic_check,7,1
CUST-01738,1,73.7,75.82,one_year,mailed_check,0,1
CUST-01739,15,85.53,1342.11,month-to-month,bank_transfer,0,0
CUST-01740,32,98.3,3081.28,month-to-month,bank_transfer,0,0
CUST-01741,54,102.81,5548.33,month-to-month,credit_card,0,0
CUST-01742,33,67.63,2126.62,two_year,bank_transfer,1,0
CUST-01743,2,70.88,138.26,month-to-month,bank_transfer,3,1
CUST-01744,16,91.8,1450.3,month-to-month,bank_transfer,2,1
CUST-01745,71,46.33,3320.59,one_year,electronic_check,3,0
CUST-01746,72,105.45,7570.19,one_year,electronic_check,3,0
CUST-01747,28,22.08,609.82,month-to-month,mailed_check,3,1
CUST-01748,58,39.58,2323.96,month-to-month,bank_transfer,0,1
CUST-01749,52,100.02,5371.95,month-to-month,electronic_check,4,1
CUST-01750,68,54.03,3578.86,one_year,mailed_check,2,0
CUST-01751,64,34.98,2203.75,month-to-month,electronic_check,4,0
CUST-01752,46,38.68,1815.53,one_year,mailed_check,0,0
CUST-01753,29,73.08,2178.09,month-to-month,mailed_check,6,1
CUST-01754,46,104.62,4969.03,two_year,electronic_check,5,1
CUST-01755,23,27.07,604.4,two_year,electronic_check,2,0
CUST-01756,26,23.05,601.6,month-to-month,electronic_check,2,0
CUST-01757,44,66.52,3043.81,month-to-month,mailed_check,2,1
CUST-01758,42,115.62,4803.52,month-to-month,credit_card,7,1
CUST-01759,42,47.9,1997.73,two_year,electronic_check,5,1
CUST-01760,28,115.92,3403.04,month-to-month,mailed_check,3,1
CUST-01761,30,108.77,3136.78,one_year,mailed_check,5,0
CUST-01762,1,48.31,49.31,month-to-month,bank_transfer,0,0
CUST-01763,44,101.69,4631.26,month-to-month,electronic_check,6,1
CUST-01764,42,88.59,3590.72,one_year,electronic_check,4,0
CUST-01765,68,71.18,4944.2,one_year,credit_card,2,0
CUST-01766,37,62.29,2297.82,two_year,credit_card,5,0
CUST-01767,34,101.55,3574.55,two_year,mailed_check,0,1
CUST-01768,5,99.31,516.77,one_year,bank_transfer,3,1
CUST-01769,15,95.69,1488.87,month-to-month,electronic_check,7,1
CUST-01770,25,119.83,2865.15,two_year,electronic_check,6,0
CUST-01771,28,67.85,1948.63,two_year,electronic_check,0,0
CUST-01772,27,100.69,2833.29,two_year,bank_transfer,4,0
CUST-01773,29,106.25,3118.58,two_year,electronic_check,5,1
CUST-01774,56,41.16,2328.23,month-to-month,electronic_check,4,1
CUST-01775,10,24.21,231.05,one_year,electronic_check,2,0
CUST-01776,24,60.47,1503.07,one_year,electronic_check,5,1
CUST-01777,12,105.67,1210.56,month-to-month,mailed_check,3,1
CUST-01778,23,48.91,1103.96,one_year,mailed_check,7,1
CUST-01779,50,90.0,4691.69,month-to-month,bank_transfer,6,0
CUST-01780,4,20.73,86.67,month-to-month,mailed_check,7,0
CUST-01781,25,55.54,1456.71,month-to-month,mailed_check,3,0
CUST-01782,2,81.55,162.72,one_year,bank_transfer,5,1
CUST-01783,69,32.98,2201.93,one_year,electronic_check,1,0
CUST-01784,53,109.66,5805.01,month-to-month,electronic_check,6,0
CUST-01785,18,35.63,615.79,month-to-month,credit_card,6,1
CUST-01786,15,110.98,1726.71,one_year,bank_transfer,6,1
CUST-01787,8,41.64,335.13,month-to-month,mailed_check,0,0
CUST-01788,35,119.43,4140.06,month-to-month,electronic_check,3,0
CUST-01789,55,80.47,4240.01,month-to-month,electronic_check,2,1
CUST-01790,43,28.43,1211.1,two_year,electronic_check,7,0
CUST-01791,64,26.53,1759.95,month-to-month,credit_card,4,0
CUST-01792,25,27.49,701.28,one_year,bank_transfer,4,0
CUST-01793,21,78.99,1589.51,two_year,electronic_check,3,1
CUST-01794,35,100.96,3413.35,month-to-month,electronic_check,0,1
CUST-01795,15,60.3,894.7,two_year,electronic_check,4,1
CUST-01796,71,64.48,4395.83,month-to-month,electronic_check,4,1
CUST-01797,14,78.93,1152.96,month-to-month,mailed_check,3,1
CUST-01798,35,73.3,2604.71,month-to-month,mailed_check,5,1
CUST-01799,38,88.81,3237.9,one_year,credit_card,3,0
CUST-01800,5,67.18,345.57,two_year,bank_transfer,5,1
CUST-01801,34,91.39,3066.24,one_year,credit_card,2,0
CUST-01802,33,119.73,3850.32,one_year,credit_card,6,1
CUST-01803,19,55.03,1052.88,month-to-month,credit_card,7,1
CUST-01804,10,21.22,201.89,two_year,credit_card,3,0
CUST-01805,4,32.56,129.8,month-to-month,electronic_check,0,0
CUST-01806,1,75.35,77.94,month-to-month,electronic_check,5,1
CUST-01807,35,54.43,1986.44,two_year,electronic_check,7,0
CUST-01808,7,114.0,785.42,month-to-month,bank_transfer,5,1
CUST-01809,70,82.74,5874.62,month-to-month,bank_transfer,2,1
CUST-01810,18,72.04,1261.22,month-to-month,electronic_check,4,0
CUST-01811,47,99.8,4719.03,month-to-month,credit_card,2,1
CUST-01812,49,45.86,2191.82,two_year,bank_transfer,6,0
CUST-01813,36,101.97,3697.25,month-to-month,bank_transfer,5,1
CUST-01814,64,20.31,1256.93,two_year,mailed_check,5,0
CUST-01815,8,81.97,684.68,month-to-month,electronic_check,3,1
CUST-01816,17,113.48,2003.73,one_year,mailed_check,1,0
CUST-01817,19,98.79,1846.32,one_year,electronic_check,4,0
CUST-01818,10,105.36,1082.78,one_year,bank_transfer,2,0
CUST-01819,22,59.7,1260.18,month-to-month,electronic_check,7,1
CUST-01820,23,102.42,2412.37,one_year,electronic_check,0,0
CUST-01821,56,75.08,4113.19,one_year,mailed_check,6,0
CUST-01822,22,81.85,1735.18,two_year,bank_transfer,6,0
CUST-01823,64,25.89,1686.59,month-to-month,mailed_check,4,0
CUST-01824,56,40.16,2241.9,month-to-month,credit_card,7,1
CUST-01825,65,75.1,4895.98,one_year,electronic_check,5,0
CUST-01826,8,25.88,207.47,month-to-month,credit_card,0,1
CUST-01827,71,94.14,6389.8,month-to-month,electronic_check,3,0
CUST-01828,45,104.01,4470.29,two_year,electronic_check,6,1
CUST-01829,71,112.04,8035.05,month-to-month,credit_card,6,0
CUST-01830,26,30.18,794.32,month-to-month,bank_transfer,1,0
CUST-01831,69,113.97,7507.96,one_year,bank_transfer,1,0
CUST-01832,43,26.76,1136.78,month-to-month,bank_transfer,7,0
CUST-01833,6,67.41,409.0,month-to-month,mailed_check,0,1
CUST-01834,30,104.03,3169.65,month-to-month,bank_transfer,7,1
CUST-01835,10,27.03,279.18,month-to-month,electronic_check,4,1
CUST-01836,68,21.82,1472.21,month-to-month,credit_card,6,0
CUST-01837,22,22.49,497.27,two_year,credit_card,1,0
CUST-01838,17,71.13,1218.66,month-to-month,credit_card,2,0
CUST-01839,40,101.16,3970.33,month-to-month,bank_transfer,5,1
CUST-01840,31,32.74,969.73,one_year,bank_transfer,1,0
CUST-01841,7,32.46,215.96,month-to-month,mailed_check,0,0
CUST-01842,59,76.85,4686.84,month-to-month,mailed_check,4,0
CUST-01843,61,43.43,2569.79,month-to-month,credit_card,0,0
CUST-01844,54,93.02,5088.58,month-to-month,bank_transfer,7,0
CUST-01845,45,114.96,5213.22,month-to-month,mailed_check,5,1
CUST-01846,29,96.6,2773.38,month-to-month,bank_transfer,5,1
CUST-01847,40,107.72,4452.39,two_year,electronic_check,4,1
CUST-01848,38,71.96,2788.68,two_year,credit_card,4,0
CUST-01849,12,103.23,1179.66,two_year,credit_card,7,0
CUST-01850,6,38.29,236.1,month-to-month,electronic_check,0,1
CUST-01851,19,26.83,510.22,one_year,electronic_check,1,0
CUST-01852,33,85.6,2781.43,one_year,bank_transfer,5,0
CUST-01853,12,25.2,309.2,month-to-month,electronic_check,0,1
CUST-01854,8,109.25,890.25,two_year,credit_card,1,0
CUST-01855,62,89.16,5422.94,one_year,electronic_check,0,1
CUST-01856,27,115.22,3261.21,month-to-month,electronic_check,0,1
CUST-01857,43,51.39,2242.57,two_year,electronic_check,3,0
CUST-01858,38,68.62,2634.98,month-to-month,bank_transfer,5,1
CUST-01859,53,94.17,4776.29,month-to-month,bank_transfer,0,1
CUST-01860,54,44.28,2338.24,month-to-month,credit_card,7,1
CUST-01861,22,74.18,1623.41,month-to-month,credit_card,6,1
CUST-01862,62,85.95,5398.3,two_year,bank_transfer,5,0
CUST-01863,27,117.88,3186.85,one_year,electronic_check,0,0
CUST-01864,61,94.47,5914.27,month-to-month,electronic_check,4,0
CUST-01865,30,31.81,931.73,one_year,credit_card,7,0
CUST-01866,8,67.53,551.19,two_year,electronic_check,1,0
CUST-01867,55,78.88,4475.59,two_year,credit_card,4,0
CUST-01868,3,34.66,106.74,two_year,credit_card,4,1
CUST-01869,56,63.2,3634.86,two_year,bank_transfer,5,0
CUST-01870,4,48.4,201.12,one_year,bank_transfer,7,0
CUST-01871,15,31.88,458.36,month-to-month,credit_card,1,0
CUST-01872,44,71.2,3194.76,two_year,bank_transfer,0,1
CUST-01873,68,36.56,2602.83,month-to-month,bank_transfer,0,0
CUST-01874,30,79.05,2389.08,month-to-month,mailed_check,2,0
CUST-01875,9,36.97,323.32,month-to-month,mailed_check,2,0
CUST-01876,17,92.36,1648.42,month-to-month,mailed_check,7,1
CUST-01877,65,39.52,2485.49,one_year,credit_card,4,1
CUST-01878,53,109.63,5714.76,two_year,bank_transfer,5,0
CUST-01879,8,22.62,175.03,month-to-month,bank_transfer,4,0
CUST-01880,28,72.2,2014.42,one_year,electronic_check,7,0
CUST-01881,20,52.01,1031.77,month-to-month,credit_card,2,1
CUST-01882,13,42.51,552.12,one_year,mailed_check,5,1
CUST-01883,61,67.16,4272.11,month-to-month,bank_transfer,2,0
CUST-01884,45,104.2,4678.92,month-to-month,electronic_check,1,0
CUST-01885,13,111.53,1451.98,one_year,credit_card,7,1
CUST-01886,47,50.32,2456.73,month-to-month,bank_transfer,0,0
CUST-01887,30,35.42,1096.5,month-to-month,mailed_check,2,1
CUST-01888,5,92.01,448.1,month-to-month,electronic_check,3,1
CUST-01889,33,78.2,2454.9,month-to-month,electronic_check,1,1
CUST-01890,14,40.1,568.69,one_year,electronic_check,6,1
CUST-01891,18,96.03,1788.14,month-to-month,electronic_check,2,0
CUST-01892,64,71.89,4625.47,month-to-month,mailed_check,3,1
CUST-01893,52,85.34,4309.49,two_year,mailed_check,2,0
CUST-01894,10,55.93,572.84,one_year,mailed_check,7,1
CUST-01895,62,63.91,4029.58,month-to-month,bank_transfer,3,0
CUST-01896,42,38.03,1607.83,one_year,mailed_check,6,0
CUST-01897,63,95.65,6245.0,month-to-month,electronic_check,4,1
CUST-01898,54,35.7,1982.66,month-to-month,credit_card,7,1
CUST-01899,25,97.83,2486.83,one_year,mailed_check,4,0
CUST-01900,39,99.8,3956.36,month-to-month,bank_transfer,7,0
CUST-01901,39,94.66,3751.62,month-to-month,credit_card,5,1
CUST-01902,52,21.94,1143.87,two_year,bank_transfer,0,0
CUST-01903,18,47.31,848.57,one_year,mailed_check,1,1
CUST-01904,24,66.83,1637.63,two_year,mailed_check,6,1
CUST-01905,18,79.55,1447.8,two_year,credit_card,0,0
CUST-01906,22,111.92,2459.82,month-to-month,credit_card,1,0
CUST-01907,12,57.56,664.94,one_year,electronic_check,6,0
CUST-01908,3,107.5,329.02,month-to-month,bank_transfer,2,1
CUST-01909,68,36.34,2507.4,one_year,credit_card,1,0
CUST-01910,6,57.13,337.36,month-to-month,credit_card,1,0
CUST-01911,64,25.23,1591.41,month-to-month,electronic_check,2,0
CUST-01912,1,94.25,91.86,month-to-month,mailed_check,6,1
CUST-01913,56,35.07,2054.36,one_year,mailed_check,3,0
CUST-01914,24,45.7,1136.36,month-to-month,electronic_check,7,1
CUST-01915,38,97.52,3728.51,one_year,bank_transfer,5,1
CUST-01916,21,73.47,1527.73,two_year,mailed_check,2,0
CUST-01917,36,21.4,788.54,one_year,electronic_check,1,1
CUST-01918,33,20.22,669.23,month-to-month,electronic_check,7,0
CUST-01919,39,71.07,2903.46,month-to-month,credit_card,7,1
CUST-01920,29,50.5,1399.22,two_year,credit_card,0,0
CUST-01921,39,38.03,1414.14,one_year,credit_card,2,0
CUST-01922,60,81.36,4915.06,month-to-month,credit_card,5,0
CUST-01923,32,42.84,1330.32,two_year,credit_card,7,0
CUST-01924,27,79.22,2161.27,month-to-month,mailed_check,7,0
CUST-01925,10,57.93,595.57,month-to-month,electronic_check,2,0
CUST-01926,26,38.67,969.15,month-to-month,credit_card,7,0
CUST-01927,10,33.81,336.1,month-to-month,bank_transfer,5,1
CUST-01928,14,43.69,623.14,month-to-month,mailed_check,3,1
CUST-01929,69,22.98,1638.79,one_year,credit_card,3,0
CUST-01930,7,50.81,355.56,month-to-month,electronic_check,6,1
CUST-01931,35,110.2,3743.51,one_year,credit_card,6,1
CUST-01932,61,103.14,6345.29,two_year,bank_transfer,7,1
CUST-01933,69,57.2,3928.87,two_year,electronic_check,3,1
CUST-01934,11,77.58,876.62,month-to-month,credit_card,2,1
CUST-01935,12,76.74,925.95,one_year,bank_transfer,6,1
CUST-01936,27,102.87,2716.32,month-to-month,bank_transfer,2,1
CUST-01937,40,43.63,1789.56,one_year,bank_transfer,6,0
CUST-01938,70,49.64,3480.88,month-to-month,electronic_check,4,1
CUST-01939,15,50.18,728.41,one_year,electronic_check,4,1
CUST-01940,12,24.09,290.87,month-to-month,electronic_check,1,1
CUST-01941,19,51.47,1021.75,one_year,electronic_check,1,0
CUST-01942,63,107.79,6930.42,month-to-month,electronic_check,5,0
CUST-01943,3,111.2,326.88,month-to-month,mailed_check,2,1
CUST-01944,28,30.96,885.26,one_year,electronic_check,5,0
CUST-01945,9,65.81,579.38,month-to-month,mailed_check,7,0
CUST-01946,12,58.13,700.6,one_year,electronic_check,0,0
CUST-01947,67,68.94,4630.99,one_year,electronic_check,7,0
CUST-01948,1,75.47,73.57,one_year,credit_card,1,0
CUST-01949,24,22.03,520.58,one_year,credit_card,1,1
CUST-01950,66,104.22,7182.97,one_year,credit_card,6,1
CUST-01951,44,117.37,5035.33,two_year,electronic_check,1,1
CUST-01952,6,85.34,527.46,month-to-month,bank_transfer,5,1
CUST-01953,34,86.05,2974.5,one_year,electronic_check,0,0
CUST-01954,70,72.8,5112.49,one_year,mailed_check,0,0
CUST-01955,29,53.43,1493.23,month-to-month,credit_card,1,0
CUST-01956,39,34.9,1320.81,month-to-month,mailed_check,4,0
CUST-01957,39,78.41,2959.68,month-to-month,credit_card,2,1
CUST-01958,48,24.49,1185.92,one_year,bank_transfer,1,1
CUST-01959,14,102.45,1502.2,month-to-month,electronic_check,6,1
CUST-01960,61,62.09,3930.44,one_year,electronic_check,1,0
CUST-01961,72,61.48,4216.1,one_year,credit_card,0,0
CUST-01962,11,52.72,566.77,one_year,mailed_check,0,0
CUST-01963,59,116.94,6662.72,month-to-month,electronic_check,7,0
CUST-01964,59,37.49,2317.23,one_year,electronic_check,3,0
CUST-01965,54,35.13,1846.91,one_year,credit_card,7,0
CUST-01966,27,36.55,957.46,month-to-month,electronic_check,6,1
CUST-01967,34,85.85,2954.28,month-to-month,credit_card,2,1
CUST-01968,61,119.19,7311.41,month-to-month,bank_transfer,6,1
CUST-01969,12,43.55,508.24,two_year,electronic_check,3,0
CUST-01970,60,110.56,6746.72,month-to-month,mailed_check,4,1
CUST-01971,67,47.86,3077.5,month-to-month,bank_transfer,4,1
CUST-01972,50,84.79,4035.74,month-to-month,mailed_check,6,0
CUST-01973,25,24.05,576.14,month-to-month,electronic_check,1,1
CUST-01974,41,69.57,2813.64,month-to-month,electronic_check,0,0
CUST-01975,4,85.46,358.07,one_year,credit_card,5,0
CUST-01976,68,73.63,5030.63,month-to-month,bank_transfer,7,1
CUST-01977,25,43.78,1122.47,two_year,mailed_check,4,0
CUST-01978,5,102.85,505.07,month-to-month,electronic_check,0,1
CUST-01979,58,117.01,6935.65,month-to-month,mailed_check,0,0
CUST-01980,48,65.92,3311.65,one_year,bank_transfer,4,1
CUST-01981,45,83.59,3708.13,one_year,electronic_check,7,0
CUST-01982,4,99.04,415.94,two_year,credit_card,4,0
CUST-01983,55,44.15,2461.8,month-to-month,credit_card,2,1
CUST-01984,46,106.45,5018.19,month-to-month,electronic_check,4,1
CUST-01985,58,48.02,2716.14,one_year,credit_card,1,0
CUST-01986,60,97.58,5938.76,month-to-month,bank_transfer,3,0
CUST-01987,16,31.21,499.91,two_year,bank_transfer,7,0
CUST-01988,16,48.84,817.08,month-to-month,electronic_check,5,1
CUST-01989,67,73.36,5114.16,month-to-month,credit_card,0,1
CUST-01990,39,72.49,2797.98,one_year,mailed_check,1,0
CUST-01991,32,105.04,3511.59,one_year,credit_card,0,0
CUST-01992,21,119.61,2608.53,two_year,electronic_check,3,1
CUST-01993,47,30.72,1456.94,two_year,electronic_check,1,0
CUST-01994,55,47.14,2484.29,month-to-month,credit_card,7,0
CUST-01995,1,55.76,53.87,one_year,mailed_check,2,0
CUST-01996,40,67.89,2600.77,two_year,electronic_check,0,0
CUST-01997,72,69.39,4800.3,month-to-month,credit_card,3,0
CUST-01998,21,105.62,2323.8,month-to-month,electronic_check,5,1
CUST-01999,21,97.06,1979.51,two_year,credit_card,5,1
CUST-02000,64,21.89,1427.38,month-to-month,credit_card,7,1
CUST-02001,5,65.5,331.98,two_year,electronic_check,2,1
CUST-02002,29,81.81,2403.53,month-to-month,bank_transfer,4,1
CUST-02003,33,66.04,2115.39,two_year,credit_card,4,1
CUST-02004,58,33.06,1932.96,one_year,credit_card,0,0
CUST-02005,10,59.75,604.97,one_year,mailed_check,0,0
CUST-02006,32,61.17,1971.08,one_year,bank_transfer,6,0
CUST-02007,11,38.77,413.1,month-to-month,bank_transfer,3,0
CUST-02008,57,95.63,5572.54,one_year,electronic_check,5,0
CUST-02009,46,52.14,2296.09,two_year,bank_transfer,7,0
CUST-02010,36,78.9,2866.26,two_year,electronic_check,1,0
CUST-02011,29,71.57,2062.39,two_year,electronic_check,6,0
CUST-02012,12,107.74,1260.63,one_year,mailed_check,1,0
CUST-02013,67,32.2,2223.82,one_year,credit_card,5,1
CUST-02014,47,31.43,1429.16,one_year,electronic_check,1,0
CUST-02015,23,50.03,1200.56,one_year,electronic_check,2,1
CUST-02016,30,63.12,1966.47,one_year,electronic_check,3,1
CUST-02017,53,49.85,2605.44,month-to-month,electronic_check,3,1
CUST-02018,52,96.32,4910.98,month-to-month,credit_card,0,0
CUST-02019,34,44.53,1459.02,one_year,mailed_check,6,0
CUST-02020,22,28.48,652.59,month-to-month,electronic_check,0,0
CUST-02021,48,61.38,2983.81,month-to-month,credit_card,7,0
CUST-02022,48,97.34,4453.46,month-to-month,electronic_check,1,0
CUST-02023,44,105.06,4627.56,two_year,mailed_check,5,1
CUST-02024,6,93.33,536.81,two_year,credit_card,5,1
CUST-02025,35,75.79,2672.17,one_year,bank_transfer,3,0
CUST-02026,45,92.42,4162.59,two_year,electronic_check,4,0
CUST-02027,69,88.14,5827.89,two_year,bank_transfer,0,0
CUST-02028,38,43.44,1702.73,month-to-month,bank_transfer,7,0
CUST-02029,25,75.08,1832.29,month-to-month,bank_transfer,0,0
CUST-02030,41,97.06,3996.01,month-to-month,electronic_check,5,1
CUST-02031,13,51.71,681.6,month-to-month,credit_card,0,1
CUST-02032,7,85.4,625.42,one_year,mailed_check,5,1
CUST-02033,49,68.15,3337.19,month-to-month,bank_transfer,2,1
CUST-02034,72,70.32,5274.02,two_year,credit_card,3,0
CUST-02035,61,29.01,1743.66,one_year,credit_card,0,0
CUST-02036,43,86.62,3857.87,month-to-month,bank_transfer,1,1
CUST-02037,3,106.57,311.26,two_year,electronic_check,3,1
CUST-02038,72,34.14,2509.31,two_year,electronic_check,5,0
CUST-02039,33,56.61,1791.3,one_year,bank_transfer,4,0
CUST-02040,21,24.87,547.58,one_year,electronic_check,2,0
CUST-02041,65,22.96,1560.36,two_year,bank_transfer,4,0
CUST-02042,54,118.97,6387.03,one_year,bank_transfer,1,0
CUST-02043,54,69.35,3753.71,two_year,mailed_check,4,0
CUST-02044,20,55.55,1121.9,month-to-month,electronic_check,4,1
CUST-02045,72,47.49,3342.2,one_year,credit_card,1,1
CUST-02046,33,118.0,3961.98,month-to-month,bank_transfer,1,1
CUST-02047,39,45.23,1798.8,month-to-month,mailed_check,4,0
CUST-02048,55,92.57,5104.16,month-to-month,mailed_check,4,1
CUST-02049,48,48.38,2240.24,month-to-month,electronic_check,7,0
CUST-02050,13,27.05,366.38,month-to-month,bank_transfer,3,1
CUST-02051,22,88.33,1868.4,month-to-month,electronic_check,3,1
CUST-02052,27,20.16,551.44,month-to-month,bank_transfer,3,0
CUST-02053,69,87.57,5802.82,two_year,electronic_check,6,0
CUST-02054,52,45.04,2259.08,one_year,electronic_check,2,0
CUST-02055,27,94.61,2432.0,one_year,electronic_check,3,0
CUST-02056,53,96.98,5069.45,month-to-month,electronic_check,2,1
CUST-02057,54,92.41,5059.83,two_year,credit_card,4,0
CUST-02058,29,22.45,652.4,month-to-month,credit_card,5,0
CUST-02059,30,90.37,2758.53,month-to-month,electronic_check,3,1
CUST-02060,65,119.01,7871.34,month-to-month,electronic_check,2,1
CUST-02061,41,44.26,1749.46,two_year,bank_transfer,5,0
CUST-02062,11,47.42,498.57,two_year,electronic_check,2,1
CUST-02063,52,101.35,5336.41,one_year,mailed_check,7,0
CUST-02064,43,36.04,1573.45,one_year,electronic_check,4,0
CUST-02065,37,86.06,3202.21,month-to-month,bank_transfer,3,1
CUST-02066,53,95.5,4932.95,one_year,credit_card,1,0
CUST-02067,66,23.72,1613.9,month-to-month,electronic_check,6,0
CUST-02068,24,75.38,1732.27,month-to-month,credit_card,4,1
CUST-02069,31,77.59,2437.04,two_year,credit_card,7,1
CUST-02070,14,50.34,678.07,two_year,credit_card,5,0
CUST-02071,47,107.63,5136.95,month-to-month,bank_transfer,6,1
CUST-02072,29,36.27,1043.32,month-to-month,credit_card,0,0
CUST-02073,25,56.42,1441.25,month-to-month,bank_transfer,0,0
CUST-02074,51,104.87,5108.71,month-to-month,credit_card,5,1
CUST-02075,30,39.06,1178.38,month-to-month,electronic_check,0,1
CUST-02076,34,102.14,3349.35,one_year,bank_transfer,7,1
CUST-02077,32,27.91,909.31,month-to-month,bank_transfer,7,1
CUST-02078,19,68.92,1259.77,month-to-month,electronic_check,4,0
CUST-02079,10,27.53,263.59,month-to-month,electronic_check,5,0
CUST-02080,60,87.79,5379.68,one_year,electronic_check,3,1
CUST-02081,7,99.06,663.16,month-to-month,mailed_check,7,1
CUST-02082,24,104.99,2450.25,month-to-month,electronic_check,0,0
CUST-02083,49,118.13,5976.15,one_year,electronic_check,2,0
CUST-02084,10,87.2,899.02,one_year,electronic_check,5,1
CUST-02085,48,96.91,4816.22,month-to-month,bank_transfer,6,0
CUST-02086,53,70.58,3675.47,one_year,electronic_check,1,0
CUST-02087,48,111.27,5356.12,month-to-month,electronic_check,6,1
CUST-02088,22,84.38,1907.01,one_year,electronic_check,3,0
CUST-02089,2,108.36,208.84,month-to-month,mailed_check,6,1
CUST-02090,64,43.55,2849.43,two_year,electronic_check,2,0
CUST-02091,24,69.67,1604.86,two_year,credit_card,5,1
CUST-02092,58,92.98,5615.81,one_year,electronic_check,1,0
CUST-02093,15,40.27,612.38,two_year,electronic_check,1,0
CUST-02094,12,41.13,493.28,month-to-month,mailed_check,5,0
CUST-02095,57,117.8,6704.59,one_year,credit_card,5,0
CUST-02096,68,63.46,4177.85,month-to-month,mailed_check,2,1
CUST-02097,62,38.18,2330.78,month-to-month,electronic_check,4,0
CUST-02098,55,53.15,2989.44,month-to-month,mailed_check,7,1
CUST-02099,18,59.74,1079.68,one_year,mailed_check,2,0
CUST-02100,66,82.31,5448.28,one_year,mailed_check,4,0
CUST-02101,49,112.3,5335.07,two_year,credit_card,1,0
CUST-02102,13,118.66,1571.93,one_year,credit_card,4,0
CUST-02103,10,85.17,842.5,two_year,mailed_check,7,0
CUST-02104,63,89.99,5489.65,two_year,electronic_check,5,0
CUST-02105,20,52.18,1089.97,two_year,mailed_check,1,0
CUST-02106,56,105.72,5924.11,month-to-month,credit_card,5,1
CUST-02107,10,41.78,418.97,month-to-month,credit_card,3,1
CUST-02108,21,30.64,674.37,one_year,electronic_check,0,0
CUST-02109,21,117.33,2430.92,two_year,electronic_check,4,1
CUST-02110,21,106.41,2333.69,month-to-month,electronic_check,2,1
CUST-02111,49,50.36,2515.97,month-to-month,credit_card,7,1
CUST-02112,66,87.52,5853.0,month-to-month,mailed_check,7,1
CUST-02113,66,66.7,4285.4,month-to-month,electronic_check,5,0
CUST-02114,54,52.31,2698.27,two_year,electronic_check,5,0
CUST-02115,15,48.68,725.62,month-to-month,electronic_check,2,0
CUST-02116,70,33.6,2236.97,month-to-month,credit_card,0,1
CUST-02117,40,74.93,2868.69,one_year,mailed_check,0,0
CUST-02118,40,64.66,2611.04,month-to-month,electronic_check,3,1
CUST-02119,51,71.22,3713.68,month-to-month,bank_transfer,2,0
CUST-02120,56,41.54,2248.76,one_year,bank_transfer,7,0
CUST-02121,69,113.86,8039.08,month-to-month,bank_transfer,2,0
CUST-02122,42,83.86,3680.48,two_year,credit_card,1,0
CUST-02123,44,109.96,4955.9,one_year,electronic_check,6,0
CUST-02124,54,30.93,1717.61,two_year,electronic_check,6,0
CUST-02125,19,82.29,1594.8,month-to-month,electronic_check,3,1
CUST-02126,23,104.95,2347.32,one_year,bank_transfer,0,0
CUST-02127,46,53.09,2408.26,one_year,credit_card,0,0
CUST-02128,5,39.51,206.45,one_year,electronic_check,4,1
CUST-02129,24,46.5,1134.04,month-to-month,bank_transfer,6,0
CUST-02130,52,47.29,2530.33,month-to-month,bank_transfer,3,0
CUST-02131,71,64.72,4810.48,month-to-month,credit_card,0,1
CUST-02132,38,52.6,1944.99,two_year,mailed_check,2,0
CUST-02133,29,47.13,1342.32,two_year,electronic_check,0,0
CUST-02134,32,84.85,2754.56,month-to-month,bank_transfer,3,1
CUST-02135,50,25.3,1204.99,one_year,credit_card,3,0
CUST-02136,40,54.04,2176.85,one_year,bank_transfer,5,1
CUST-02137,2,88.98,183.44,one_year,credit_card,0,0
CUST-02138,39,37.58,1482.0,month-to-month,mailed_check,3,0
CUST-02139,29,42.09,1195.71,two_year,bank_transfer,1,0
CUST-02140,51,40.07,2089.19,one_year,electronic_check,3,0
CUST-02141,64,20.09,1240.41,one_year,mailed_check,7,1
CUST-02142,70,67.38,4902.56,one_year,electronic_check,5,1
CUST-02143,44,23.9,1009.46,one_year,electronic_check,6,1
CUST-02144,27,47.29,1323.35,month-to-month,electronic_check,0,1
CUST-02145,32,119.48,3822.53,two_year,bank_transfer,6,0
CUST-02146,13,111.84,1443.54,month-to-month,credit_card,6,1
CUST-02147,68,41.51,2822.7,two_year,electronic_check,5,0
CUST-02148,62,51.0,3067.22,two_year,mailed_check,6,0
CUST-02149,62,66.37,4097.56,one_year,electronic_check,0,0
CUST-02150,24,104.44,2594.25,one_year,mailed_check,5,1
CUST-02151,24,100.26,2478.77,month-to-month,electronic_check,6,1
CUST-02152,62,32.62,1954.54,month-to-month,bank_transfer,1,0
CUST-02153,40,32.44,1320.3,one_year,credit_card,3,1
CUST-02154,51,61.67,3257.57,month-to-month,mailed_check,3,0
CUST-02155,36,107.01,3975.53,month-to-month,bank_transfer,0,1
CUST-02156,32,108.21,3436.92,two_year,bank_transfer,1,0
CUST-02157,46,30.74,1349.99,month-to-month,electronic_check,2,0
CUST-02158,59,77.43,4765.33,month-to-month,mailed_check,0,1
CUST-02159,25,35.57,879.93,month-to-month,electronic_check,4,1
CUST-02160,59,88.61,5155.48,one_year,mailed_check,0,0
CUST-02161,18,111.64,2061.73,month-to-month,credit_card,0,1
CUST-02162,30,65.48,1917.94,one_year,mailed_check,5,0
CUST-02163,66,28.31,1930.89,month-to-month,mailed_check,2,0
CUST-02164,69,77.93,5148.9,month-to-month,electronic_check,3,0
CUST-02165,67,60.85,4175.2,month-to-month,electronic_check,2,0
CUST-02166,23,101.09,2433.37,month-to-month,credit_card,3,0
CUST-02167,61,54.03,3459.51,two_year,electronic_check,3,0
CUST-02168,68,107.49,7619.07,month-to-month,bank_transfer,1,1
CUST-02169,71,47.37,3487.97,month-to-month,electronic_check,0,0
CUST-02170,2,35.75,69.92,month-to-month,electronic_check,3,1
CUST-02171,54,50.65,2862.62,month-to-month,electronic_check,4,1
CUST-02172,72,23.49,1763.77,month-to-month,credit_card,6,1
CUST-02173,56,48.12,2704.24,month-to-month,electronic_check,1,0
CUST-02174,17,86.01,1447.88,two_year,bank_transfer,0,0
CUST-02175,55,34.23,1809.0,month-to-month,electronic_check,4,0
CUST-02176,8,31.14,251.35,one_year,bank_transfer,7,0
CUST-02177,35,33.24,1186.68,one_year,bank_transfer,1,0
CUST-02178,46,27.76,1264.48,month-to-month,bank_transfer,0,0
CUST-02179,33,107.46,3512.97,one_year,electronic_check,3,0
CUST-02180,51,114.41,5877.76,two_year,electronic_check,4,0
CUST-02181,18,24.66,422.85,one_year,credit_card,4,0
CUST-02182,44,96.01,4417.73,two_year,mailed_check,0,0
CUST-02183,47,93.72,4312.07,one_year,electronic_check,5,1
CUST-02184,46,119.69,5308.07,month-to-month,mailed_check,2,0
CUST-02185,21,54.79,1093.63,two_year,electronic_check,0,0
CUST-02186,22,48.55,1106.24,month-to-month,mailed_check,7,1
CUST-02187,19,65.31,1285.92,one_year,mailed_check,4,0
CUST-02188,34,105.66,3446.98,one_year,electronic_check,2,1
CUST-02189,43,92.86,3854.09,two_year,mailed_check,6,1
CUST-02190,27,67.16,1803.94,two_year,bank_transfer,6,0
CUST-02191,30,44.46,1291.77,month-to-month,credit_card,1,1
CUST-02192,21,92.7,1992.64,one_year,bank_transfer,7,0
CUST-02193,16,105.45,1612.67,month-to-month,mailed_check,4,1
CUST-02194,48,60.0,2894.08,one_year,bank_transfer,2,1
CUST-02195,59,86.86,5064.59,one_year,electronic_check,3,0
CUST-02196,21,60.02,1256.03,month-to-month,bank_transfer,1,1
CUST-02197,62,67.85,4175.01,two_year,electronic_check,6,0
CUST-02198,42,72.49,2939.02,month-to-month,electronic_check,2,1
CUST-02199,13,97.57,1232.96,month-to-month,bank_transfer,3,1
CUST-02200,27,117.75,3040.91,two_year,electronic_check,0,0
CUST-02201,1,64.44,61.96,one_year,bank_transfer,7,0
CUST-02202,3,54.23,170.47,one_year,bank_transfer,2,1
CUST-02203,25,57.36,1402.4,month-to-month,electronic_check,5,1
CUST-02204,33,33.39,1080.57,month-to-month,mailed_check,2,1
CUST-02205,58,49.69,2774.77,month-to-month,bank_transfer,4,1
CUST-02206,10,28.64,293.76,month-to-month,bank_transfer,4,1
CUST-02207,61,62.79,3992.61,month-to-month,credit_card,2,0
CUST-02208,17,36.74,642.6,month-to-month,electronic_check,3,0
CUST-02209,10,54.64,552.56,one_year,credit_card,4,0
CUST-02210,51,99.36,5225.97,month-to-month,mailed_check,1,1
CUST-02211,56,44.59,2473.28,one_year,electronic_check,1,0
CUST-02212,44,81.19,3700.76,two_year,bank_transfer,1,0
CUST-02213,9,110.12,1020.65,month-to-month,electronic_check,3,1
CUST-02214,9,76.69,655.84,one_year,electronic_check,1,0
CUST-02215,29,39.38,1140.6,month-to-month,electronic_check,2,1
CUST-02216,33,54.48,1755.41,month-to-month,credit_card,5,1
CUST-02217,72,79.04,5455.2,one_year,credit_card,5,0
CUST-02218,21,70.66,1535.25,month-to-month,credit_card,7,0
CUST-02219,14,34.86,464.05,month-to-month,electronic_check,6,1
CUST-02220,69,64.68,4565.61,two_year,mailed_check,3,0
CUST-02221,12,74.31,935.21,month-to-month,credit_card,7,0
CUST-02222,2,46.73,93.3,one_year,electronic_check,7,1
CUST-02223,31,81.24,2486.15,one_year,mailed_check,1,0
CUST-02224,29,27.02,791.76,month-to-month,electronic_check,1,1
CUST-02225,45,53.66,2488.31,one_year,bank_transfer,7,0
CUST-02226,64,100.43,6260.42,month-to-month,bank_transfer,7,1
CUST-02227,68,45.93,3045.28,month-to-month,electronic_check,6,1
CUST-02228,21,80.52,1708.99,two_year,electronic_check,3,0
CUST-02229,71,61.0,4521.73,month-to-month,bank_transfer,6,1
CUST-02230,46,51.65,2327.83,one_year,bank_transfer,6,1
CUST-02231,6,111.61,661.43,month-to-month,electronic_check,5,1
CUST-02232,68,54.33,3876.43,month-to-month,electronic_check,4,1
CUST-02233,10,43.67,422.54,one_year,credit_card,2,1
CUST-02234,43,110.93,4568.21,one_year,bank_transfer,5,0
CUST-02235,57,94.59,5440.28,month-to-month,bank_transfer,7,0
CUST-02236,18,88.18,1511.73,one_year,bank_transfer,7,0
CUST-02237,20,24.95,483.12,month-to-month,credit_card,4,0
CUST-02238,35,33.12,1173.38,month-to-month,electronic_check,0,0
CUST-02239,64,83.83,5450.96,one_year,electronic_check,5,0
CUST-02240,17,40.94,696.76,one_year,mailed_check,2,0
CUST-02241,48,42.56,2019.31,month-to-month,credit_card,1,0
CUST-02242,33,97.91,3255.78,one_year,electronic_check,0,1
CUST-02243,9,48.59,443.6,month-to-month,electronic_check,1,1
CUST-02244,52,27.16,1455.11,two_year,electronic_check,3,1
CUST-02245,60,23.64,1460.12,two_year,bank_transfer,2,0
CUST-02246,42,64.32,2745.87,month-to-month,bank_transfer,3,0
CUST-02247,13,81.71,1104.15,month-to-month,mailed_check,4,1
CUST-02248,12,106.89,1326.02,two_year,electronic_check,4,1
CUST-02249,31,31.08,928.16,two_year,bank_transfer,3,1
CUST-02250,37,39.67,1534.72,month-to-month,electronic_check,3,1
CUST-02251,40,72.98,3033.56,month-to-month,bank_transfer,7,0
CUST-02252,18,56.41,997.21,month-to-month,electronic_check,2,1
CUST-02253,37,68.25,2404.22,two_year,credit_card,0,0
CUST-02254,22,112.41,2498.79,two_year,mailed_check,6,1
CUST-02255,50,74.49,3701.52,two_year,bank_transfer,0,0
CUST-02256,58,61.51,3656.74,month-to-month,electronic_check,6,0
CUST-02257,47,118.94,5604.12,two_year,electronic_check,2,1
CUST-02258,1,26.52,25.4,month-to-month,bank_transfer,6,0
CUST-02259,72,113.21,7943.11,month-to-month,mailed_check,1,1
CUST-02260,2,70.17,145.7,month-to-month,bank_transfer,1,1
CUST-02261,72,70.38,4832.79,month-to-month,mailed_check,3,1
CUST-02262,3,112.2,344.56,one_year,mailed_check,3,1
CUST-02263,38,70.73,2631.91,month-to-month,credit_card,5,0
CUST-02264,8,63.84,508.31,month-to-month,mailed_check,5,0
CUST-02265,7,47.25,331.77,two_year,credit_card,7,0
CUST-02266,50,85.88,4186.77,month-to-month,mailed_check,5,0
CUST-02267,53,76.96,4141.11,month-to-month,electronic_check,1,1
CUST-02268,9,41.43,380.12,month-to-month,bank_transfer,0,1
CUST-02269,71,90.94,6188.91,month-to-month,electronic_check,2,0
CUST-02270,24,84.41,2000.27,month-to-month,electronic_check,7,1
CUST-02271,23,59.73,1407.44,one_year,electronic_check,6,0
CUST-02272,22,20.44,459.65,month-to-month,mailed_check,5,1
CUST-02273,34,64.66,2208.18,month-to-month,bank_transfer,2,1
CUST-02274,13,20.61,275.31,two_year,electronic_check,3,0
CUST-02275,31,27.5,819.05,month-to-month,electronic_check,5,1
CUST-02276,16,63.06,970.45,one_year,electronic_check,7,1
CUST-02277,4,28.19,114.54,month-to-month,electronic_check,4,1
CUST-02278,27,47.57,1309.13,two_year,electronic_check,0,1
CUST-02279,49,85.55,4323.75,month-to-month,electronic_check,6,0
CUST-02280,55,50.86,2708.16,one_year,credit_card,7,0
CUST-02281,26,119.76,3119.11,one_year,bank_transfer,0,0
CUST-02282,24,111.63,2722.21,one_year,electronic_check,3,1
CUST-02283,57,78.53,4352.59,two_year,electronic_check,7,1
CUST-02284,50,116.69,5844.61,month-to-month,electronic_check,7,1
CUST-02285,60,106.8,6496.82,month-to-month,mailed_check,7,1
CUST-02286,66,51.89,3326.94,two_year,mailed_check,7,1
CUST-02287,60,94.96,5626.68,two_year,credit_card,0,0
CUST-02288,68,33.68,2225.48,month-to-month,bank_transfer,1,0
CUST-02289,30,88.46,2760.58,one_year,mailed_check,3,0
CUST-02290,29,69.11,1951.39,one_year,electronic_check,4,0
CUST-02291,24,21.68,500.65,one_year,bank_transfer,3,0
CUST-02292,17,47.42,768.72,two_year,credit_card,2,1
CUST-02293,54,115.54,5955.16,two_year,electronic_check,2,0
CUST-02294,52,51.58,2599.6,month-to-month,credit_card,4,0
CUST-02295,58,38.15,2236.38,one_year,electronic_check,7,0
CUST-02296,13,38.75,479.49,month-to-month,bank_transfer,6,1
CUST-02297,36,67.92,2393.02,month-to-month,electronic_check,1,0
CUST-02298,16,104.26,1594.53,two_year,bank_transfer,1,0
CUST-02299,65,95.8,6167.02,one_year,electronic_check,2,0
CUST-02300,20,63.69,1216.21,month-to-month,mailed_check,5,1
CUST-02301,11,40.87,454.43,one_year,bank_transfer,0,0
CUST-02302,42,24.61,1052.95,month-to-month,bank_transfer,5,1
CUST-02303,64,66.26,4338.94,month-to-month,bank_transfer,4,0
CUST-02304,66,101.48,6512.9,one_year,electronic_check,5,1
CUST-02305,7,92.97,674.76,one_year,bank_transfer,6,0
CUST-02306,24,60.86,1488.44,month-to-month,electronic_check,4,1
CUST-02307,12,79.47,911.36,month-to-month,bank_transfer,4,1
CUST-02308,23,63.62,1454.7,one_year,electronic_check,3,0
CUST-02309,39,77.9,3119.51,month-to-month,mailed_check,5,0
CUST-02310,21,71.75,1478.27,two_year,mailed_check,3,0
CUST-02311,5,88.1,435.27,month-to-month,credit_card,0,1
CUST-02312,37,70.77,2652.46,two_year,bank_transfer,0,0
CUST-02313,4,114.06,435.96,month-to-month,electronic_check,5,1
CUST-02314,17,62.8,1117.5,month-to-month,bank_transfer,5,1
CUST-02315,1,21.59,20.89,month-to-month,electronic_check,3,1
CUST-02316,7,43.64,291.0,one_year,electronic_check,5,0
CUST-02317,32,70.06,2131.04,two_year,mailed_check,3,0
CUST-02318,62,74.06,4545.43,month-to-month,bank_transfer,2,0
CUST-02319,56,75.24,4375.25,month-to-month,credit_card,4,1
CUST-02320,8,91.46,755.04,month-to-month,credit_card,3,0
CUST-02321,3,47.46,148.26,one_year,electronic_check,7,0
CUST-02322,25,86.49,2169.56,month-to-month,electronic_check,5,0
CUST-02323,47,90.4,4227.17,two_year,credit_card,5,1
CUST-02324,54,61.13,3263.24,month-to-month,electronic_check,5,1
CUST-02325,60,60.22,3449.13,one_year,bank_transfer,5,0
CUST-02326,25,37.89,986.11,two_year,credit_card,6,0
CUST-02327,13,61.4,797.88,month-to-month,electronic_check,3,1
CUST-02328,2,98.68,196.48,month-to-month,mailed_check,6,1
CUST-02329,11,110.9,1221.72,two_year,credit_card,0,1
CUST-02330,5,79.36,408.48,month-to-month,bank_transfer,5,1
CUST-02331,62,49.94,3010.79,one_year,credit_card,4,0
CUST-02332,20,88.23,1801.62,two_year,bank_transfer,0,0
CUST-02333,60,94.01,5759.77,month-to-month,electronic_check,5,1
CUST-02334,40,53.22,2203.27,two_year,credit_card,0,1
CUST-02335,39,102.65,3806.84,month-to-month,bank_transfer,5,1
CUST-02336,33,27.37,873.43,one_year,credit_card,4,0
CUST-02337,59,21.08,1239.85,month-to-month,mailed_check,4,0
CUST-02338,4,32.3,133.72,month-to-month,mailed_check,4,0
CUST-02339,7,35.6,260.8,month-to-month,electronic_check,2,1
CUST-02340,31,107.89,3376.41,month-to-month,electronic_check,4,0
CUST-02341,29,62.5,1760.27,month-to-month,credit_card,1,1
CUST-02342,40,47.49,1839.81,month-to-month,credit_card,6,1
CUST-02343,54,62.91,3444.37,one_year,mailed_check,0,0
CUST-02344,43,59.48,2483.66,month-to-month,credit_card,1,0
CUST-02345,19,50.15,957.84,month-to-month,mailed_check,5,1
CUST-02346,24,33.79,838.11,month-to-month,credit_card,0,1
CUST-02347,55,85.59,4655.67,month-to-month,bank_transfer,7,1
CUST-02348,15,33.66,498.77,month-to-month,bank_transfer,0,1
CUST-02349,37,97.54,3441.66,month-to-month,bank_transfer,4,1
CUST-02350,39,40.17,1528.06,one_year,bank_transfer,7,1
CUST-02351,55,93.14,5224.07,one_year,credit_card,5,0
CUST-02352,52,100.56,5156.05,one_year,mailed_check,5,1
CUST-02353,34,32.53,1068.31,month-to-month,credit_card,5,1
CUST-02354,23,28.67,633.52,two_year,electronic_check,5,0
CUST-02355,27,114.96,2978.16,one_year,electronic_check,1,1
CUST-02356,30,66.3,2020.79,one_year,bank_transfer,2,0
CUST-02357,16,83.02,1343.34,month-to-month,bank_transfer,1,0
CUST-02358,46,22.33,1028.9,month-to-month,credit_card,1,0
CUST-02359,16,47.87,765.96,month-to-month,electronic_check,1,1
CUST-02360,47,70.54,3200.37,month-to-month,electronic_check,5,1
CUST-02361,55,108.62,5974.56,one_year,mailed_check,7,0
CUST-02362,70,47.14,3154.85,month-to-month,credit_card,4,1
CUST-02363,9,97.52,915.05,month-to-month,credit_card,0,0
CUST-02364,55,86.22,4532.58,month-to-month,credit_card,5,0
CUST-02365,7,31.53,219.0,month-to-month,mailed_check,4,1
CUST-02366,25,49.34,1171.84,month-to-month,credit_card,6,1
CUST-02367,13,43.79,585.51,month-to-month,electronic_check,3,0
CUST-02368,12,64.25,745.29,month-to-month,credit_card,3,0
CUST-02369,13,83.53,1132.08,month-to-month,mailed_check,5,1
CUST-02370,4,63.34,241.81,one_year,mailed_check,5,1
CUST-02371,60,44.45,2752.78,two_year,bank_transfer,1,0
CUST-02372,5,89.59,454.96,two_year,bank_transfer,4,1
CUST-02373,29,78.45,2218.03,one_year,electronic_check,7,0
CUST-02374,51,71.93,3559.33,month-to-month,electronic_check,0,1
CUST-02375,72,75.44,5354.51,one_year,bank_transfer,2,0
CUST-02376,62,42.19,2701.69,two_year,credit_card,4,0
CUST-02377,10,88.04,912.3,month-to-month,bank_transfer,7,0
CUST-02378,72,58.75,4092.65,month-to-month,electronic_check,7,0
CUST-02379,48,56.35,2665.01,one_year,bank_transfer,4,0
CUST-02380,13,34.97,442.72,month-to-month,electronic_check,4,1
CUST-02381,33,79.68,2530.33,one_year,electronic_check,3,1
CUST-02382,67,80.27,5456.61,month-to-month,electronic_check,3,0
CUST-02383,29,54.03,1542.72,month-to-month,mailed_check,5,1
CUST-02384,14,105.99,1443.04,one_year,electronic_check,4,0
CUST-02385,64,104.55,6935.82,one_year,electronic_check,4,0
CUST-02386,69,30.91,2185.43,one_year,electronic_check,6,0
CUST-02387,71,89.5,6528.74,two_year,bank_transfer,1,0
CUST-02388,69,59.38,3908.65,two_year,electronic_check,7,0
CUST-02389,63,119.97,7871.97,month-to-month,electronic_check,5,0
CUST-02390,33,42.5,1413.06,two_year,mailed_check,4,0
CUST-02391,14,48.05,672.99,month-to-month,bank_transfer,4,1
CUST-02392,45,64.21,2748.06,month-to-month,credit_card,4,1
CUST-02393,16,46.87,779.77,two_year,mailed_check,4,0
CUST-02394,35,89.2,3135.68,month-to-month,bank_transfer,2,1
CUST-02395,48,68.09,3374.63,two_year,credit_card,5,0
CUST-02396,69,42.09,2949.23,month-to-month,bank_transfer,2,1
CUST-02397,21,70.64,1527.4,month-to-month,mailed_check,5,1
CUST-02398,19,108.88,2108.61,month-to-month,electronic_check,4,1
CUST-02399,53,99.24,5481.11,one_year,electronic_check,2,0
CUST-02400,1,69.88,67.96,two_year,electronic_check,6,1
CUST-02401,41,48.85,1943.16,month-to-month,mailed_check,2,0
CUST-02402,54,37.99,2094.99,month-to-month,credit_card,5,0
CUST-02403,40,107.84,4314.13,month-to-month,electronic_check,2,0
CUST-02404,28,91.02,2573.74,month-to-month,mailed_check,1,0
CUST-02405,60,77.22,4729.6,one_year,credit_card,4,0
CUST-02406,27,107.94,2928.3,one_year,bank_transfer,7,0
CUST-02407,52,32.17,1720.91,month-to-month,electronic_check,2,0
CUST-02408,34,88.25,2946.12,month-to-month,credit_card,0,0
CUST-02409,2,41.67,86.33,one_year,electronic_check,0,0
CUST-02410,39,32.06,1201.2,month-to-month,electronic_check,3,1
CUST-02411,4,66.56,269.81,month-to-month,mailed_check,6,1
CUST-02412,68,58.74,4150.1,one_year,electronic_check,5,0
CUST-02413,44,114.12,4896.99,month-to-month,credit_card,1,0
CUST-02414,27,52.4,1390.25,month-to-month,electronic_check,6,0
CUST-02415,36,101.49,3582.56,month-to-month,credit_card,1,1
CUST-02416,45,94.88,4297.16,one_year,electronic_check,4,0
CUST-02417,19,86.79,1634.69,month-to-month,credit_card,6,1
CUST-02418,21,112.04,2260.6,two_year,electronic_check,6,1
CUST-02419,31,60.79,1958.31,month-to-month,credit_card,5,0
CUST-02420,19,58.97,1087.29,month-to-month,electronic_check,2,0
CUST-02421,55,36.09,1991.98,one_year,credit_card,6,0
CUST-02422,8,47.58,384.22,month-to-month,credit_card,3,0
CUST-02423,60,107.98,6181.13,month-to-month,bank_transfer,2,0
CUST-02424,26,67.44,1682.51,month-to-month,electronic_check,4,0
CUST-02425,41,54.14,2324.24,one_year,bank_transfer,4,0
CUST-02426,12,41.61,507.55,month-to-month,bank_transfer,1,1
CUST-02427,28,68.5,1828.43,two_year,mailed_check,7,1
CUST-02428,55,91.67,5189.98,month-to-month,bank_transfer,6,1
CUST-02429,20,48.67,974.22,month-to-month,credit_card,2,1
CUST-02430,10,95.77,917.03,month-to-month,credit_card,1,1
CUST-02431,38,82.98,3210.19,month-to-month,mailed_check,0,1
CUST-02432,12,98.76,1185.0,two_year,electronic_check,3,1
CUST-02433,23,45.09,1006.49,month-to-month,electronic_check,1,1
CUST-02434,33,83.1,2845.97,two_year,bank_transfer,7,1
CUST-02435,41,35.37,1420.06,month-to-month,credit_card,7,1
CUST-02436,47,56.38,2592.76,month-to-month,mailed_check,6,1
CUST-02437,49,92.44,4426.45,month-to-month,electronic_check,2,1
CUST-02438,61,83.17,5208.86,one_year,mailed_check,5,0
CUST-02439,5,38.79,197.93,month-to-month,mailed_check,3,0
CUST-02440,27,105.83,2972.73,one_year,credit_card,2,0
CUST-02441,1,25.34,24.65,two_year,bank_transfer,4,0
CUST-02442,1,79.52,81.8,one_year,electronic_check,1,0
CUST-02443,16,118.38,1907.95,month-to-month,electronic_check,7,1
CUST-02444,44,73.15,3157.04,one_year,electronic_check,1,1
CUST-02445,65,100.07,6202.21,month-to-month,bank_transfer,2,1
CUST-02446,56,79.52,4595.04,month-to-month,bank_transfer,1,0
CUST-02447,47,98.31,4500.88,month-to-month,electronic_check,4,1
CUST-02448,57,85.56,4941.14,two_year,electronic_check,5,0
CUST-02449,13,89.11,1164.13,month-to-month,credit_card,7,1
CUST-02450,61,42.78,2480.33,one_year,credit_card,3,0
CUST-02451,65,94.18,6424.46,one_year,bank_transfer,1,0
CUST-02452,7,43.79,316.17,month-to-month,mailed_check,0,0
CUST-02453,34,118.06,4008.75,month-to-month,credit_card,4,1
CUST-02454,60,42.78,2613.01,one_year,bank_transfer,7,1
CUST-02455,35,43.67,1524.82,month-to-month,credit_card,0,1
CUST-02456,61,105.87,6615.86,month-to-month,electronic_check,7,1
CUST-02457,68,44.3,2902.15,month-to-month,electronic_check,2,1
CUST-02458,35,56.09,1952.63,two_year,electronic_check,7,0
CUST-02459,5,91.46,449.8,month-to-month,credit_card,0,1
CUST-02460,25,35.87,893.25,month-to-month,bank_transfer,7,1
CUST-02461,16,35.91,571.67,month-to-month,electronic_check,2,1
CUST-02462,35,68.64,2316.52,month-to-month,credit_card,2,0
CUST-02463,43,44.37,1998.81,two_year,credit_card,1,0
CUST-02464,34,43.57,1409.47,month-to-month,electronic_check,1,1
CUST-02465,15,20.92,298.48,one_year,bank_transfer,6,0
CUST-02466,22,57.04,1239.11,one_year,bank_transfer,0,1
CUST-02467,49,51.83,2570.0,month-to-month,electronic_check,3,0
CUST-02468,2,23.12,44.75,one_year,bank_transfer,7,1
CUST-02469,16,82.12,1318.33,two_year,electronic_check,3,0
CUST-02470,65,82.67,5492.96,one_year,credit_card,6,0
CUST-02471,8,27.08,207.85,one_year,credit_card,5,1
CUST-02472,30,51.7,1626.26,month-to-month,credit_card,6,0
CUST-02473,15,107.28,1582.93,two_year,bank_transfer,7,1
CUST-02474,8,78.22,634.65,month-to-month,electronic_check,0,1
CUST-02475,31,61.2,1823.27,one_year,mailed_check,2,0
CUST-02476,38,66.51,2580.33,month-to-month,bank_transfer,2,0
CUST-02477,13,40.83,548.83,one_year,electronic_check,0,1
CUST-02478,6,101.19,583.16,two_year,bank_transfer,0,0
CUST-02479,10,111.4,1072.33,one_year,electronic_check,0,1
CUST-02480,47,111.07,5105.83,month-to-month,electronic_check,7,1
CUST-02481,62,42.39,2500.11,one_year,mailed_check,6,0
CUST-02482,13,51.07,696.23,two_year,bank_transfer,4,0
CUST-02483,24,36.06,874.01,one_year,mailed_check,6,0
CUST-02484,25,50.72,1281.65,two_year,bank_transfer,2,0
CUST-02485,26,53.28,1448.87,two_year,mailed_check,3,0
CUST-02486,18,83.31,1549.38,two_year,bank_transfer,7,0
CUST-02487,4,38.96,160.76,month-to-month,bank_transfer,1,1
CUST-02488,38,111.94,4185.44,month-to-month,bank_transfer,1,1
CUST-02489,26,30.31,775.04,two_year,mailed_check,4,0
CUST-02490,25,20.69,506.42,two_year,mailed_check,2,0
CUST-02491,20,105.49,2077.54,month-to-month,electronic_check,5,1
CUST-02492,67,90.38,5976.24,month-to-month,bank_transfer,5,1
CUST-02493,44,55.54,2355.62,month-to-month,electronic_check,2,1
CUST-02494,31,79.55,2430.53,one_year,credit_card,0,0
CUST-02495,15,42.35,631.93,two_year,credit_card,0,0
CUST-02496,58,36.84,2095.92,one_year,mailed_check,3,0
CUST-02497,64,67.11,4151.61,month-to-month,credit_card,2,0
CUST-02498,3,55.32,163.86,month-to-month,bank_transfer,0,0
CUST-02499,67,81.52,5451.61,two_year,electronic_check,5,0
CUST-02500,51,41.81,2179.63,month-to-month,bank_transfer,7,1
CUST-02501,8,86.29,704.92,month-to-month,credit_card,7,1
CUST-02502,55,96.69,5159.64,month-to-month,electronic_check,0,0
CUST-02503,8,36.66,279.72,two_year,electronic_check,1,0
CUST-02504,4,24.39,95.63,month-to-month,bank_transfer,3,1
CUST-02505,9,63.96,555.89,month-to-month,mailed_check,7,0
CUST-02506,34,97.4,3277.17,month-to-month,bank_transfer,4,1
CUST-02507,45,85.08,4012.03,two_year,bank_transfer,3,0
CUST-02508,30,90.19,2619.35,month-to-month,bank_transfer,7,1
CUST-02509,9,60.28,532.73,month-to-month,electronic_check,5,1
CUST-02510,15,43.49,667.11,month-to-month,mailed_check,7,0
CUST-02511,62,73.18,4541.2,month-to-month,credit_card,6,1
CUST-02512,70,40.44,2701.47,two_year,mailed_check,7,0
CUST-02513,55,92.62,4921.91,one_year,mailed_check,4,0
CUST-02514,8,39.7,331.4,month-to-month,electronic_check,2,1
CUST-02515,60,49.13,2830.61,two_year,electronic_check,0,1
CUST-02516,50,70.65,3580.45,month-to-month,mailed_check,5,1
CUST-02517,38,68.67,2685.78,two_year,mailed_check,2,0
CUST-02518,11,80.08,860.27,month-to-month,bank_transfer,0,1
CUST-02519,72,63.74,4692.9,month-to-month,bank_transfer,6,1
CUST-02520,32,111.95,3464.06,two_year,credit_card,3,0
CUST-02521,4,103.99,407.02,two_year,credit_card,4,1
CUST-02522,16,107.91,1694.09,one_year,electronic_check,6,1
CUST-02523,29,82.95,2525.02,one_year,electronic_check,2,0
CUST-02524,5,83.5,405.59,two_year,credit_card,6,1
CUST-02525,24,80.92,1870.07,one_year,electronic_check,4,0
CUST-02526,34,63.49,2250.5,month-to-month,mailed_check,4,1
CUST-02527,69,52.21,3480.74,month-to-month,electronic_check,2,0
CUST-02528,7,79.2,575.43,one_year,bank_transfer,6,1
CUST-02529,42,22.55,961.49,one_year,electronic_check,1,0
CUST-02530,66,20.75,1379.74,two_year,electronic_check,4,0
CUST-02531,59,105.16,6360.63,month-to-month,mailed_check,6,0
CUST-02532,67,24.64,1688.35,month-to-month,bank_transfer,0,0
CUST-02533,13,72.48,905.54,month-to-month,electronic_check,3,0
CUST-02534,58,81.5,4963.02,two_year,bank_transfer,5,0
CUST-02535,71,39.82,2951.94,month-to-month,mailed_check,2,0
CUST-02536,24,109.57,2734.05,two_year,mailed_check,0,0
CUST-02537,36,39.01,1421.52,month-to-month,mailed_check,3,1
CUST-02538,39,108.45,4239.25,month-to-month,electronic_check,3,1
CUST-02539,36,96.3,3479.34,two_year,electronic_check,7,0
CUST-02540,21,44.07,880.66,month-to-month,credit_card,6,1
CUST-02541,70,35.07,2455.08,two_year,electronic_check,1,0
CUST-02542,69,51.62,3606.09,month-to-month,credit_card,2,0
CUST-02543,28,59.8,1700.83,month-to-month,electronic_check,1,1
CUST-02544,58,44.58,2542.15,one_year,mailed_check,7,0
CUST-02545,29,119.89,3466.8,two_year,bank_transfer,2,0
CUST-02546,58,42.97,2525.95,month-to-month,credit_card,7,1
CUST-02547,43,103.06,4399.96,month-to-month,electronic_check,0,1
CUST-02548,34,35.91,1277.43,one_year,electronic_check,4,0
CUST-02549,10,118.02,1204.49,two_year,bank_transfer,0,1
CUST-02550,48,42.55,1940.65,two_year,electronic_check,4,0
CUST-02551,24,62.17,1420.92,two_year,bank_transfer,0,0
CUST-02552,16,75.86,1236.8,month-to-month,credit_card,1,1
CUST-02553,14,32.03,444.48,one_year,electronic_check,1,0
CUST-02554,71,101.68,7464.5,two_year,credit_card,5,0
CUST-02555,8,47.47,367.33,two_year,electronic_check,5,1
CUST-02556,58,74.93,4134.49,two_year,credit_card,4,0
CUST-02557,63,74.96,4669.84,two_year,credit_card,1,0
CUST-02558,3,80.26,246.48,two_year,bank_transfer,2,1
CUST-02559,43,25.55,1150.41,month-to-month,credit_card,3,0
CUST-02560,42,36.86,1607.6,month-to-month,credit_card,7,1
CUST-02561,26,36.12,937.6,two_year,electronic_check,5,0
CUST-02562,49,50.21,2537.01,month-to-month,electronic_check,0,0
CUST-02563,30,34.49,990.28,month-to-month,electronic_check,0,0
CUST-02564,32,112.19,3616.1,month-to-month,mailed_check,2,1
CUST-02565,32,71.3,2378.26,one_year,bank_transfer,1,0
CUST-02566,58,82.36,4727.24,two_year,mailed_check,3,0
CUST-02567,46,55.75,2682.44,two_year,bank_transfer,7,0
CUST-02568,28,47.62,1296.24,month-to-month,mailed_check,1,0
CUST-02569,67,70.32,4525.49,month-to-month,electronic_check,4,0
CUST-02570,58,49.43,2874.17,month-to-month,electronic_check,3,0
CUST-02571,68,54.36,3847.34,two_year,credit_card,5,1
CUST-02572,53,65.28,3394.29,month-to-month,mailed_check,4,1
CUST-02573,29,70.57,2108.06,one_year,electronic_check,4,0
CUST-02574,56,118.43,6412.76,one_year,electronic_check,2,0
CUST-02575,24,42.33,1040.92,one_year,credit_card,7,1
CUST-02576,20,68.8,1383.8,one_year,electronic_check,2,0
CUST-02577,33,34.95,1115.91,one_year,bank_transfer,1,1
CUST-02578,70,55.0,3933.96,one_year,electronic_check,0,0
CUST-02579,41,91.73,3841.37,month-to-month,electronic_check,0,0
CUST-02580,28,37.45,1050.11,month-to-month,bank_transfer,2,1
CUST-02581,34,78.14,2583.66,month-to-month,bank_transfer,6,1
CUST-02582,21,61.67,1247.45,month-to-month,bank_transfer,1,1
CUST-02583,48,25.16,1262.8,one_year,electronic_check,0,0
CUST-02584,26,113.31,2991.9,month-to-month,credit_card,4,0
CUST-02585,40,61.36,2530.31,two_year,mailed_check,4,1
CUST-02586,27,98.39,2708.93,month-to-month,credit_card,4,1
CUST-02587,24,61.63,1527.89,one_year,electronic_check,0,1
CUST-02588,70,113.74,7692.81,month-to-month,mailed_check,1,0
CUST-02589,25,49.05,1225.8,month-to-month,electronic_check,2,1
CUST-02590,6,61.22,373.48,month-to-month,bank_transfer,5,1
CUST-02591,28,95.89,2578.34,one_year,bank_transfer,5,0
CUST-02592,39,54.37,2046.08,month-to-month,mailed_check,6,0
CUST-02593,7,56.44,400.34,one_year,electronic_check,4,1
CUST-02594,23,119.48,2849.42,one_year,electronic_check,3,0
CUST-02595,12,75.56,921.28,two_year,electronic_check,4,1
CUST-02596,37,88.94,3138.09,one_year,credit_card,3,0
CUST-02597,53,84.35,4680.65,one_year,electronic_check,1,0
CUST-02598,70,102.79,6936.08,two_year,electronic_check,4,0
CUST-02599,29,106.18,2996.94,month-to-month,mailed_check,2,0
CUST-02600,63,76.33,5036.9,one_year,electronic_check,2,0
CUST-02601,16,49.46,812.74,month-to-month,credit_card,5,0
CUST-02602,57,22.28,1325.4,one_year,electronic_check,0,0
CUST-02603,41,81.44,3441.44,month-to-month,credit_card,0,0
CUST-02604,55,102.55,5725.66,month-to-month,bank_transfer,2,0
CUST-02605,55,65.05,3500.88,one_year,mailed_check,4,0
CUST-02606,39,36.47,1397.73,month-to-month,mailed_check,6,1
CUST-02607,19,48.81,968.83,month-to-month,bank_transfer,4,0
CUST-02608,38,71.0,2795.25,month-to-month,bank_transfer,2,0
CUST-02609,60,103.67,6132.69,two_year,electronic_check,2,0
CUST-02610,70,37.18,2569.29,month-to-month,credit_card,3,0
CUST-02611,67,81.21,5331.32,month-to-month,mailed_check,2,0
CUST-02612,14,95.34,1311.51,two_year,mailed_check,5,1
CUST-02613,44,113.6,5178.89,two_year,mailed_check,6,1
CUST-02614,8,31.67,240.96,month-to-month,bank_transfer,5,0
CUST-02615,49,112.64,5484.02,month-to-month,mailed_check,3,1
CUST-02616,72,80.15,6026.11,month-to-month,mailed_check,2,0
CUST-02617,4,96.67,388.33,two_year,electronic_check,0,0
CUST-02618,48,25.38,1212.08,month-to-month,mailed_check,6,1
CUST-02619,69,70.61,4781.0,month-to-month,electronic_check,7,0
CUST-02620,61,82.26,4804.23,month-to-month,credit_card,0,0
CUST-02621,29,50.68,1429.32,one_year,electronic_check,1,0
CUST-02622,8,63.17,484.63,month-to-month,credit_card,1,0
CUST-02623,67,75.43,4865.14,one_year,bank_transfer,6,0
CUST-02624,67,75.25,4872.41,month-to-month,bank_transfer,1,0
CUST-02625,42,24.19,995.71,one_year,credit_card,0,0
CUST-02626,71,63.95,4318.31,two_year,electronic_check,2,0
CUST-02627,1,41.38,43.24,month-to-month,mailed_check,2,1
CUST-02628,45,111.67,4836.09,month-to-month,electronic_check,3,1
CUST-02629,3,117.66,348.85,month-to-month,electronic_check,4,1
CUST-02630,68,49.96,3526.55,one_year,mailed_check,1,0
CUST-02631,49,37.52,1766.08,month-to-month,bank_transfer,0,0
CUST-02632,66,41.95,2764.19,one_year,credit_card,0,0
CUST-02633,41,67.78,2874.59,month-to-month,electronic_check,5,0
CUST-02634,6,107.45,648.38,one_year,bank_transfer,5,1
CUST-02635,2,70.0,135.95,one_year,electronic_check,2,1
CUST-02636,25,25.54,653.52,month-to-month,electronic_check,7,1
CUST-02637,54,23.99,1318.87,month-to-month,electronic_check,4,1
CUST-02638,11,42.74,463.65,one_year,bank_transfer,6,0
CUST-02639,62,104.28,6171.85,month-to-month,mailed_check,6,0
CUST-02640,18,82.15,1405.89,one_year,electronic_check,2,1
CUST-02641,36,76.3,2836.02,two_year,electronic_check,4,0
CUST-02642,15,51.9,764.56,month-to-month,mailed_check,4,0
CUST-02643,34,112.94,3700.95,month-to-month,credit_card,3,1
CUST-02644,33,53.12,1756.14,month-to-month,electronic_check,5,0
CUST-02645,1,103.49,107.85,month-to-month,bank_transfer,2,1
CUST-02646,41,109.59,4272.35,two_year,bank_transfer,0,0
CUST-02647,57,68.33,3722.13,two_year,mailed_check,0,0
CUST-02648,68,109.43,7379.44,month-to-month,electronic_check,3,1
CUST-02649,24,47.68,1164.46,two_year,credit_card,7,0
CUST-02650,64,85.84,5480.84,month-to-month,mailed_check,1,0
CUST-02651,64,28.8,1916.23,two_year,mailed_check,4,0
CUST-02652,72,67.39,4631.1,two_year,credit_card,1,0
CUST-02653,27,41.73,1108.78,month-to-month,credit_card,5,1
CUST-02654,62,26.28,1604.91,one_year,bank_transfer,1,0
CUST-02655,41,20.37,821.92,one_year,credit_card,3,0
CUST-02656,5,52.48,262.05,month-to-month,electronic_check,6,1
CUST-02657,20,78.95,1624.95,month-to-month,bank_transfer,2,1
CUST-02658,49,65.52,3152.16,one_year,electronic_check,7,0
CUST-02659,12,50.18,616.84,month-to-month,credit_card,0,0
CUST-02660,32,119.12,3677.08,month-to-month,mailed_check,0,1
CUST-02661,56,113.95,6420.09,month-to-month,electronic_check,1,0
CUST-02662,11,32.57,353.74,one_year,mailed_check,1,0
CUST-02663,36,61.51,2223.07,month-to-month,bank_transfer,3,1
CUST-02664,16,84.88,1304.88,month-to-month,mailed_check,7,1
CUST-02665,39,93.35,3805.7,month-to-month,bank_transfer,1,1
CUST-02666,18,56.64,1060.88,month-to-month,electronic_check,2,1
CUST-02667,70,94.63,6840.18,one_year,electronic_check,0,0
CUST-02668,6,32.42,202.13,month-to-month,mailed_check,5,1
CUST-02669,70,53.18,3591.16,one_year,mailed_check,4,1
CUST-02670,58,91.64,5317.29,month-to-month,bank_transfer,0,0
CUST-02671,62,82.57,5026.02,one_year,credit_card,3,0
CUST-02672,62,103.72,6679.82,month-to-month,bank_transfer,1,1
CUST-02673,14,24.69,334.87,two_year,mailed_check,3,0
CUST-02674,68,37.44,2474.57,month-to-month,mailed_check,2,0
CUST-02675,43,24.85,1088.48,two_year,credit_card,6,0
CUST-02676,70,39.21,2631.96,month-to-month,bank_transfer,0,0
CUST-02677,64,20.43,1337.79,month-to-month,credit_card,4,0
CUST-02678,42,70.42,2889.1,one_year,electronic_check,6,0
CUST-02679,27,72.83,1998.1,month-to-month,bank_transfer,0,0
CUST-02680,9,85.79,800.9,month-to-month,electronic_check,7,1
CUST-02681,8,58.49,473.06,two_year,bank_transfer,6,0
CUST-02682,29,20.32,572.37,one_year,credit_card,2,0
CUST-02683,59,87.39,4923.51,one_year,credit_card,3,0
CUST-02684,37,25.43,898.03,two_year,electronic_check,5,1
CUST-02685,35,106.62,3578.16,month-to-month,credit_card,4,1
CUST-02686,18,22.27,403.98,month-to-month,electronic_check,6,0
CUST-02687,41,73.05,2949.49,two_year,mailed_check,7,0
CUST-02688,46,109.49,4907.23,month-to-month,bank_transfer,2,1
CUST-02689,71,77.25,5330.72,month-to-month,mailed_check,0,0
CUST-02690,53,80.84,4476.81,month-to-month,electronic_check,3,1
CUST-02691,44,88.16,3731.22,month-to-month,bank_transfer,4,0
CUST-02692,66,32.24,2086.36,month-to-month,bank_transfer,6,0
CUST-02693,31,87.49,2704.54,month-to-month,bank_transfer,2,1
CUST-02694,68,108.04,6979.42,one_year,mailed_check,7,1
CUST-02695,27,117.42,3303.86,one_year,bank_transfer,0,0
CUST-02696,10,64.31,617.27,two_year,mailed_check,4,1
CUST-02697,31,54.45,1718.77,month-to-month,electronic_check,3,0
CUST-02698,10,95.33,965.59,month-to-month,mailed_check,5,1
CUST-02699,9,74.29,689.25,one_year,bank_transfer,2,0
CUST-02700,64,45.73,2971.06,month-to-month,electronic_check,7,0
CUST-02701,58,37.22,2216.66,month-to-month,electronic_check,0,0
CUST-02702,16,37.02,587.7,one_year,credit_card,6,0
CUST-02703,61,65.92,4016.44,one_year,credit_card,3,0
CUST-02704,5,37.01,188.79,month-to-month,bank_transfer,4,1
CUST-02705,21,21.97,464.57,one_year,bank_transfer,2,0
CUST-02706,51,25.21,1287.14,one_year,credit_card,3,0
CUST-02707,22,112.99,2412.56,two_year,mailed_check,3,0
CUST-02708,53,27.3,1411.7,month-to-month,electronic_check,2,0
CUST-02709,63,27.32,1696.69,one_year,bank_transfer,0,0
CUST-02710,5,65.12,309.62,one_year,credit_card,3,0
CUST-02711,2,44.51,88.28,month-to-month,bank_transfer,3,1
CUST-02712,68,116.27,7513.19,one_year,electronic_check,5,0
CUST-02713,38,111.1,4249.19,one_year,credit_card,3,0
CUST-02714,37,60.47,2283.2,month-to-month,bank_transfer,4,1
CUST-02715,34,64.87,2219.4,month-to-month,mailed_check,3,1
CUST-02716,32,57.51,1875.98,month-to-month,credit_card,3,1
CUST-02717,50,23.79,1129.87,one_year,bank_transfer,5,0
CUST-02718,42,49.28,1978.76,month-to-month,credit_card,5,1
CUST-02719,12,32.27,394.89,month-to-month,credit_card,7,1
CUST-02720,46,30.24,1433.03,month-to-month,electronic_check,3,1
CUST-02721,49,76.09,3809.39,one_year,bank_transfer,0,0
CUST-02722,9,29.88,273.27,one_year,mailed_check,4,0
CUST-02723,28,30.29,865.8,month-to-month,credit_card,3,0
CUST-02724,57,68.05,3971.86,month-to-month,credit_card,0,0
CUST-02725,45,64.23,2955.12,month-to-month,credit_card,6,1
CUST-02726,10,33.76,345.67,month-to-month,bank_transfer,5,1
CUST-02727,3,20.44,58.72,one_year,credit_card,5,1
CUST-02728,42,39.3,1578.41,month-to-month,electronic_check,5,0
CUST-02729,34,43.59,1461.45,one_year,mailed_check,7,0
CUST-02730,70,100.02,7021.06,one_year,electronic_check,5,0
CUST-02731,38,111.54,4349.98,two_year,credit_card,5,1
CUST-02732,68,60.59,4052.31,month-to-month,bank_transfer,6,1
CUST-02733,16,60.5,946.27,month-to-month,bank_transfer,5,1
CUST-02734,33,91.25,3095.94,month-to-month,electronic_check,5,0
CUST-02735,11,82.69,886.81,two_year,bank_transfer,0,0
CUST-02736,42,38.41,1665.15,one_year,mailed_check,3,0
CUST-02737,14,30.77,416.86,one_year,credit_card,2,0
CUST-02738,36,63.76,2263.15,one_year,credit_card,7,0
CUST-02739,25,76.48,1893.16,month-to-month,mailed_check,4,1
CUST-02740,14,33.87,464.68,one_year,credit_card,4,0
CUST-02741,7,49.33,328.14,two_year,electronic_check,4,1
CUST-02742,37,50.59,1822.48,month-to-month,electronic_check,5,1
CUST-02743,69,46.13,3131.28,two_year,bank_transfer,6,0
CUST-02744,15,66.08,972.67,two_year,bank_transfer,1,0
CUST-02745,30,85.31,2632.27,two_year,electronic_check,7,0
CUST-02746,17,70.94,1151.38,two_year,electronic_check,6,0
CUST-02747,59,40.15,2342.29,month-to-month,mailed_check,1,1
CUST-02748,30,30.29,866.79,one_year,electronic_check,4,0
CUST-02749,71,102.19,7567.73,month-to-month,mailed_check,3,1
CUST-02750,18,67.93,1258.23,one_year,mailed_check,3,1
CUST-02751,6,26.21,164.87,month-to-month,credit_card,6,1
CUST-02752,42,45.81,2003.03,two_year,electronic_check,2,0
CUST-02753,47,100.4,4632.04,month-to-month,electronic_check,6,1
CUST-02754,72,95.17,6983.71,month-to-month,electronic_check,5,0
CUST-02755,63,107.58,6646.53,month-to-month,electronic_check,6,1
CUST-02756,64,80.21,5332.64,one_year,bank_transfer,5,0
CUST-02757,46,62.29,2839.79,month-to-month,mailed_check,4,1
CUST-02758,26,62.66,1609.03,month-to-month,electronic_check,1,0
CUST-02759,31,39.4,1271.97,month-to-month,credit_card,7,0
CUST-02760,10,85.08,879.45,month-to-month,bank_transfer,5,0
CUST-02761,32,78.51,2629.39,two_year,electronic_check,2,1
CUST-02762,27,35.49,916.6,month-to-month,electronic_check,2,0
CUST-02763,3,108.57,317.34,month-to-month,credit_card,0,0
CUST-02764,15,56.85,835.72,month-to-month,bank_transfer,2,0
CUST-02765,39,24.97,966.61,month-to-month,credit_card,1,0
CUST-02766,27,52.79,1421.45,month-to-month,electronic_check,7,1
CUST-02767,72,106.99,7542.34,month-to-month,bank_transfer,3,0
CUST-02768,35,111.7,4022.9,month-to-month,electronic_check,5,1
CUST-02769,70,69.04,4699.04,month-to-month,electronic_check,6,1
CUST-02770,48,115.63,5659.51,month-to-month,bank_transfer,7,1
CUST-02771,3,107.52,333.92,one_year,bank_transfer,3,1
CUST-02772,15,102.52,1553.79,month-to-month,electronic_check,0,0
CUST-02773,51,105.97,5325.7,one_year,electronic_check,4,0
CUST-02774,40,58.19,2254.86,one_year,bank_transfer,7,0
CUST-02775,22,95.65,2027.29,two_year,electronic_check,2,0
CUST-02776,38,77.73,3026.01,month-to-month,electronic_check,0,1
CUST-02777,66,91.97,6051.18,one_year,electronic_check,5,1
CUST-02778,28,37.78,1009.81,two_year,electronic_check,4,1
CUST-02779,4,93.14,390.58,two_year,credit_card,1,0
CUST-02780,23,115.76,2708.07,two_year,electronic_check,0,0
CUST-02781,68,50.27,3535.76,month-to-month,mailed_check,4,0
CUST-02782,55,118.62,6483.56,two_year,bank_transfer,1,0
CUST-02783,61,57.84,3688.78,two_year,electronic_check,1,0
CUST-02784,66,39.97,2558.9,month-to-month,bank_transfer,2,0
CUST-02785,9,31.23,272.21,month-to-month,electronic_check,3,0
CUST-02786,21,98.5,2149.16,two_year,credit_card,6,0
CUST-02787,5,75.48,392.2,month-to-month,credit_card,3,1
CUST-02788,1,50.71,50.71,one_year,credit_card,6,1
CUST-02789,61,80.85,4747.0,month-to-month,mailed_check,4,1
CUST-02790,68,53.21,3547.81,one_year,credit_card,3,0
CUST-02791,12,64.84,797.8,month-to-month,bank_transfer,4,1
CUST-02792,52,106.27,5717.04,one_year,mailed_check,1,0
CUST-02793,39,86.82,3334.27,month-to-month,electronic_check,7,1
CUST-02794,5,96.24,460.09,two_year,electronic_check,2,0
CUST-02795,66,78.35,5256.76,month-to-month,electronic_check,7,1
CUST-02796,63,119.14,7685.57,month-to-month,electronic_check,5,0
CUST-02797,41,44.14,1796.03,month-to-month,credit_card,2,1
CUST-02798,51,46.23,2377.28,month-to-month,credit_card,3,1
CUST-02799,29,29.26,889.77,two_year,electronic_check,0,0
CUST-02800,58,75.4,4261.79,month-to-month,credit_card,4,1
CUST-02801,33,81.34,2703.67,month-to-month,bank_transfer,0,0
CUST-02802,72,92.6,6740.9,two_year,mailed_check,5,1
CUST-02803,5,53.54,269.04,month-to-month,credit_card,1,1
CUST-02804,13,21.23,286.12,month-to-month,bank_transfer,1,0
CUST-02805,70,83.22,5886.78,one_year,bank_transfer,1,0
CUST-02806,21,119.87,2519.25,month-to-month,electronic_check,0,1
CUST-02807,23,49.45,1094.58,two_year,electronic_check,7,1
CUST-02808,57,38.39,2232.9,one_year,credit_card,7,0
CUST-02809,14,48.18,649.66,month-to-month,electronic_check,7,1
CUST-02810,37,62.54,2204.48,one_year,electronic_check,5,0
CUST-02811,21,45.09,945.83,two_year,electronic_check,1,0
CUST-02812,15,54.7,826.38,month-to-month,mailed_check,6,0
CUST-02813,70,83.82,6160.26,one_year,mailed_check,6,0
CUST-02814,15,54.5,834.9,month-to-month,credit_card,1,1
CUST-02815,7,59.61,431.79,month-to-month,mailed_check,6,1
CUST-02816,49,24.0,1158.09,one_year,credit_card,7,0
CUST-02817,63,111.79,7049.32,month-to-month,bank_transfer,3,0
CUST-02818,10,60.69,635.67,month-to-month,mailed_check,4,1
CUST-02819,51,52.81,2671.28,month-to-month,electronic_check,6,0
CUST-02820,39,28.65,1151.62,one_year,electronic_check,2,1
CUST-02821,60,83.42,5018.11,one_year,credit_card,7,0
CUST-02822,10,106.38,1034.46,month-to-month,bank_transfer,2,0
CUST-02823,71,24.12,1725.96,month-to-month,mailed_check,7,1
CUST-02824,45,34.53,1509.92,two_year,credit_card,1,0
CUST-02825,61,34.64,2007.97,month-to-month,credit_card,5,0
CUST-02826,27,80.23,2108.93,month-to-month,electronic_check,4,0
CUST-02827,68,112.12,7390.41,month-to-month,bank_transfer,2,0
CUST-02828,46,63.78,2895.87,one_year,credit_card,3,0
CUST-02829,10,54.38,564.94,month-to-month,credit_card,1,1
CUST-02830,67,96.58,6398.56,two_year,electronic_check,5,1
CUST-02831,58,94.26,5655.61,one_year,electronic_check,7,0
CUST-02832,22,44.68,988.33,month-to-month,mailed_check,4,1
CUST-02833,40,36.08,1372.24,one_year,electronic_check,2,0
CUST-02834,28,55.78,1513.25,month-to-month,electronic_check,5,0
CUST-02835,40,97.56,4070.72,month-to-month,bank_transfer,3,1
CUST-02836,70,89.51,6330.71,one_year,mailed_check,7,0
CUST-02837,65,86.59,5869.8,month-to-month,electronic_check,2,0
CUST-02838,16,102.94,1615.81,two_year,bank_transfer,4,0
CUST-02839,70,47.71,3412.24,one_year,electronic_check,3,0
CUST-02840,32,53.97,1773.97,month-to-month,mailed_check,7,1
CUST-02841,51,24.23,1294.72,two_year,credit_card,0,0
CUST-02842,56,106.87,5696.61,month-to-month,credit_card,4,0
CUST-02843,35,78.24,2862.35,month-to-month,electronic_check,6,0
CUST-02844,33,49.81,1625.98,month-to-month,credit_card,2,0
CUST-02845,33,26.94,919.12,two_year,credit_card,4,1
CUST-02846,63,92.34,5843.49,month-to-month,bank_transfer,2,0
CUST-02847,28,94.87,2673.64,month-to-month,credit_card,3,0
CUST-02848,21,86.62,1793.4,month-to-month,electronic_check,7,1
CUST-02849,27,40.38,1126.02,month-to-month,electronic_check,2,0
CUST-02850,15,111.32,1630.42,month-to-month,credit_card,1,0
CUST-02851,29,95.32,2762.01,one_year,mailed_check,4,0
CUST-02852,9,85.78,776.63,two_year,mailed_check,3,0
CUST-02853,7,85.09,610.11,one_year,electronic_check,6,1
CUST-02854,53,110.44,5836.49,month-to-month,electronic_check,0,0
CUST-02855,6,112.83,689.19,month-to-month,electronic_check,7,1
CUST-02856,41,79.56,3257.32,month-to-month,electronic_check,5,0
CUST-02857,57,61.67,3571.02,month-to-month,credit_card,6,0
CUST-02858,53,56.37,3039.82,one_year,electronic_check,3,1
CUST-02859,33,101.91,3433.39,month-to-month,credit_card,3,1
CUST-02860,14,84.46,1220.68,two_year,electronic_check,2,0
CUST-02861,68,27.73,1893.09,month-to-month,electronic_check,6,1
CUST-02862,61,34.22,2023.31,one_year,credit_card,0,0
CUST-02863,45,110.02,5039.77,two_year,electronic_check,4,1
CUST-02864,7,108.45,727.05,one_year,electronic_check,2,1
CUST-02865,3,115.18,335.84,two_year,credit_card,5,1
CUST-02866,23,62.79,1486.25,two_year,electronic_check,7,0
CUST-02867,12,98.41,1173.21,one_year,electronic_check,5,1
CUST-02868,62,102.82,6373.75,month-to-month,credit_card,0,1
CUST-02869,15,51.57,811.25,month-to-month,mailed_check,3,1
CUST-02870,21,34.53,706.0,two_year,bank_transfer,0,0
CUST-02871,71,119.7,8090.56,month-to-month,electronic_check,3,1
CUST-02872,59,23.02,1305.51,two_year,electronic_check,1,0
CUST-02873,16,79.73,1243.14,month-to-month,mailed_check,5,0
CUST-02874,28,85.02,2434.38,one_year,bank_transfer,4,0
CUST-02875,38,88.18,3443.22,month-to-month,electronic_check,2,1
CUST-02876,48,45.56,2201.34,two_year,credit_card,6,0
CUST-02877,68,92.16,6113.23,month-to-month,bank_transfer,5,1
CUST-02878,63,41.64,2629.02,month-to-month,mailed_check,5,1
CUST-02879,71,102.9,6951.79,two_year,mailed_check,2,0
CUST-02880,3,41.91,128.02,month-to-month,bank_transfer,2,1
CUST-02881,18,89.67,1632.52,month-to-month,bank_transfer,4,1
CUST-02882,41,98.34,3839.18,two_year,electronic_check,6,1
CUST-02883,4,38.89,160.51,two_year,credit_card,6,1
CUST-02884,26,43.8,1168.76,month-to-month,mailed_check,6,1
CUST-02885,12,97.91,1152.39,one_year,credit_card,0,0
CUST-02886,68,28.6,1971.12,month-to-month,credit_card,7,0
CUST-02887,5,39.08,197.36,month-to-month,electronic_check,1,1
CUST-02888,11,65.55,695.35,one_year,mailed_check,0,0
CUST-02889,15,113.02,1643.27,month-to-month,mailed_check,4,0
CUST-02890,11,76.19,853.42,month-to-month,mailed_check,3,1
CUST-02891,41,58.77,2513.94,month-to-month,credit_card,0,0
CUST-02892,27,117.84,3205.87,two_year,electronic_check,1,0
CUST-02893,66,66.37,4410.2,one_year,bank_transfer,1,0
CUST-02894,19,63.37,1221.76,month-to-month,credit_card,3,1
CUST-02895,39,61.16,2371.24,two_year,credit_card,5,0
CUST-02896,48,51.22,2348.86,two_year,electronic_check,5,0
CUST-02897,46,52.57,2393.17,month-to-month,credit_card,0,0
CUST-02898,58,88.78,5355.56,two_year,electronic_check,1,0
CUST-02899,15,24.08,372.27,month-to-month,mailed_check,4,1
CUST-02900,37,88.18,3402.18,month-to-month,electronic_check,6,1
CUST-02901,58,40.12,2246.2,month-to-month,bank_transfer,0,1
CUST-02902,63,58.42,3682.7,month-to-month,electronic_check,2,0
CUST-02903,45,34.65,1572.64,one_year,electronic_check,0,1
CUST-02904,47,75.28,3435.3,one_year,electronic_check,3,0
CUST-02905,63,92.94,5679.83,two_year,credit_card,3,0
CUST-02906,45,55.47,2566.34,month-to-month,bank_transfer,1,0
CUST-02907,69,36.34,2550.67,month-to-month,bank_transfer,7,0
CUST-02908,10,42.65,432.78,month-to-month,bank_transfer,6,1
CUST-02909,26,101.81,2585.41,month-to-month,mailed_check,4,0
CUST-02910,9,46.76,421.17,two_year,electronic_check,6,1
CUST-02911,7,97.47,649.75,one_year,electronic_check,2,1
CUST-02912,34,53.12,1739.24,one_year,mailed_check,7,0
CUST-02913,17,38.87,662.05,one_year,credit_card,3,0
CUST-02914,30,92.73,2728.98,month-to-month,electronic_check,3,1
CUST-02915,32,66.85,2238.97,month-to-month,bank_transfer,4,1
CUST-02916,45,23.13,1037.78,month-to-month,credit_card,4,1
CUST-02917,69,115.99,7670.3,two_year,credit_card,4,1
CUST-02918,62,34.78,2052.11,month-to-month,electronic_check,6,0
CUST-02919,28,55.34,1584.44,month-to-month,credit_card,2,0
CUST-02920,24,58.48,1357.4,one_year,bank_transfer,5,0
CUST-02921,56,68.94,3740.28,month-to-month,mailed_check,1,0
CUST-02922,9,98.54,880.14,month-to-month,bank_transfer,1,1
CUST-02923,39,20.61,784.79,month-to-month,electronic_check,3,1
CUST-02924,31,113.25,3551.59,month-to-month,credit_card,4,1
CUST-02925,14,84.6,1182.69,month-to-month,bank_transfer,5,1
CUST-02926,45,115.06,4976.73,two_year,credit_card,1,0
CUST-02927,24,101.74,2511.26,one_year,credit_card,6,0
CUST-02928,14,112.78,1567.27,month-to-month,bank_transfer,4,1
CUST-02929,48,80.1,3887.42,one_year,electronic_check,4,0
CUST-02930,13,55.73,688.56,one_year,electronic_check,5,0
CUST-02931,49,64.29,3190.1,one_year,credit_card,5,0
CUST-02932,12,85.8,1007.28,two_year,bank_transfer,3,0
CUST-02933,32,62.69,2005.05,two_year,credit_card,3,1
CUST-02934,59,93.17,5385.68,month-to-month,mailed_check,1,0
CUST-02935,17,29.18,520.76,month-to-month,mailed_check,4,0
CUST-02936,56,103.0,5612.68,month-to-month,credit_card,1,0
CUST-02937,52,40.42,2188.55,month-to-month,bank_transfer,5,1
CUST-02938,65,114.39,7746.45,two_year,mailed_check,3,0
CUST-02939,13,35.55,458.56,one_year,electronic_check,1,0
CUST-02940,52,32.92,1678.11,month-to-month,credit_card,3,1
CUST-02941,68,101.19,6798.9,two_year,bank_transfer,7,0
CUST-02942,55,101.87,5877.03,one_year,mailed_check,4,0
CUST-02943,14,93.88,1329.88,month-to-month,mailed_check,2,1
CUST-02944,60,116.05,6994.36,two_year,electronic_check,3,0
CUST-02945,8,47.05,358.96,month-to-month,mailed_check,4,1
CUST-02946,43,102.66,4568.15,month-to-month,electronic_check,1,0
CUST-02947,36,55.2,1904.63,month-to-month,electronic_check,4,1
CUST-02948,39,73.74,2745.57,two_year,credit_card,0,0
CUST-02949,38,64.56,2398.05,month-to-month,mailed_check,6,1
CUST-02950,3,20.59,61.61,month-to-month,credit_card,4,1
CUST-02951,37,77.45,2978.78,one_year,mailed_check,0,0
CUST-02952,68,94.75,6629.94,two_year,electronic_check,3,0
CUST-02953,32,37.46,1162.33,month-to-month,mailed_check,7,1
CUST-02954,20,113.17,2234.36,month-to-month,electronic_check,7,1
CUST-02955,72,73.04,5406.25,two_year,bank_transfer,1,0
CUST-02956,8,37.82,303.42,one_year,credit_card,2,1
CUST-02957,36,84.59,2946.28,month-to-month,bank_transfer,1,0
CUST-02958,37,39.19,1435.04,month-to-month,bank_transfer,2,1
CUST-02959,35,26.35,933.98,month-to-month,credit_card,6,0
CUST-02960,67,88.53,6212.31,one_year,bank_transfer,5,0
CUST-02961,31,31.07,978.74,one_year,mailed_check,2,1
CUST-02962,71,30.62,2068.96,one_year,bank_transfer,2,0
CUST-02963,5,93.99,479.61,month-to-month,mailed_check,4,1
CUST-02964,53,25.52,1318.87,two_year,electronic_check,4,0
CUST-02965,43,100.98,4499.26,month-to-month,bank_transfer,3,1
CUST-02966,18,99.61,1772.25,two_year,bank_transfer,3,0
CUST-02967,17,34.14,562.94,month-to-month,electronic_check,7,0
CUST-02968,52,71.84,3723.61,month-to-month,credit_card,4,1
CUST-02969,46,29.66,1331.07,month-to-month,electronic_check,6,0
CUST-02970,45,83.26,3647.59,month-to-month,bank_transfer,7,1
CUST-02971,4,26.29,105.94,month-to-month,credit_card,2,0
CUST-02972,44,114.45,5170.34,one_year,electronic_check,6,1
CUST-02973,71,40.77,2991.85,two_year,credit_card,6,1
CUST-02974,2,88.29,174.77,month-to-month,credit_card,1,1
CUST-02975,34,32.83,1067.84,month-to-month,bank_transfer,1,0
CUST-02976,36,40.96,1472.18,month-to-month,credit_card,1,0
CUST-02977,65,65.09,4203.15,two_year,bank_transfer,4,0
CUST-02978,21,77.31,1574.31,month-to-month,mailed_check,6,0
CUST-02979,35,119.89,4362.24,month-to-month,bank_transfer,6,0
CUST-02980,52,22.59,1230.52,month-to-month,mailed_check,3,0
CUST-02981,5,20.03,95.67,month-to-month,electronic_check,5,1
CUST-02982,58,55.04,3286.54,one_year,electronic_check,0,0
CUST-02983,60,56.62,3446.44,month-to-month,mailed_check,5,0
CUST-02984,52,108.38,5501.5,month-to-month,credit_card,3,1
CUST-02985,47,111.26,5299.81,two_year,credit_card,6,0
CUST-02986,54,108.05,5618.15,month-to-month,credit_card,7,1
CUST-02987,57,34.32,1871.89,one_year,electronic_check,4,0
CUST-02988,66,61.21,4239.26,month-to-month,bank_transfer,4,0
CUST-02989,31,94.59,2972.23,two_year,bank_transfer,7,1
CUST-02990,33,51.26,1649.87,one_year,electronic_check,2,0
CUST-02991,46,86.32,3951.05,month-to-month,bank_transfer,1,0
CUST-02992,14,43.71,639.55,two_year,mailed_check,4,0
CUST-02993,62,52.34,3225.31,month-to-month,credit_card,2,0
CUST-02994,56,106.04,6176.21,month-to-month,electronic_check,5,1
CUST-02995,46,45.05,2148.77,one_year,credit_card,6,0
CUST-02996,22,116.43,2521.59,one_year,credit_card,4,0
CUST-02997,26,50.63,1342.08,month-to-month,bank_transfer,2,1
CUST-02998,32,22.35,726.77,month-to-month,electronic_check,4,1
CUST-02999,48,45.49,2242.74,month-to-month,electronic_check,3,1
CUST-03000,57,37.12,2087.5,one_year,credit_card,1,0
CUST-03001,49,70.68,3308.37,two_year,electronic_check,6,0
CUST-03002,67,31.27,2026.27,month-to-month,electronic_check,2,1
CUST-03003,70,82.6,5849.74,two_year,credit_card,4,0
CUST-03004,51,107.49,5632.79,month-to-month,bank_transfer,7,0
CUST-03005,27,56.25,1557.69,one_year,bank_transfer,1,0
CUST-03006,44,36.85,1634.94,two_year,electronic_check,3,0
CUST-03007,31,60.0,1782.84,one_year,mailed_check,1,0
CUST-03008,46,98.6,4316.52,month-to-month,credit_card,3,0
CUST-03009,59,79.15,4801.53,month-to-month,electronic_check,2,1
CUST-03010,27,30.11,817.1,month-to-month,electronic_check,7,1
CUST-03011,37,73.72,2804.7,one_year,electronic_check,2,0
CUST-03012,4,66.81,258.22,two_year,bank_transfer,4,1
CUST-03013,54,52.71,2820.06,month-to-month,electronic_check,1,0
CUST-03014,36,31.02,1163.38,month-to-month,credit_card,3,0
CUST-03015,34,118.11,3883.9,month-to-month,electronic_check,6,1
CUST-03016,39,37.6,1402.26,one_year,electronic_check,5,0
CUST-03017,16,39.27,638.03,one_year,credit_card,2,0
CUST-03018,44,34.56,1534.94,month-to-month,credit_card,7,0
CUST-03019,54,77.02,4347.04,one_year,bank_transfer,6,0
CUST-03020,26,64.37,1741.57,month-to-month,credit_card,3,0
CUST-03021,10,44.96,460.77,one_year,electronic_check,7,1
CUST-03022,28,62.94,1677.64,month-to-month,mailed_check,1,0
CUST-03023,15,87.35,1307.71,month-to-month,electronic_check,2,1
CUST-03024,27,48.17,1352.11,one_year,mailed_check,7,0
CUST-03025,46,111.52,5096.09,one_year,credit_card,7,1
CUST-03026,9,50.63,476.77,month-to-month,credit_card,6,1
CUST-03027,54,39.82,2182.95,one_year,electronic_check,1,0
CUST-03028,17,115.46,1886.11,month-to-month,mailed_check,1,0
CUST-03029,65,101.06,6574.73,month-to-month,credit_card,5,0
CUST-03030,53,54.31,2934.94,two_year,bank_transfer,0,0
CUST-03031,20,104.14,1992.34,two_year,electronic_check,7,1
CUST-03032,41,71.88,2901.35,month-to-month,mailed_check,7,1
CUST-03033,8,54.68,446.9,two_year,electronic_check,6,1
CUST-03034,8,103.96,803.17,one_year,mailed_check,7,0
CUST-03035,69,95.22,6470.3,month-to-month,mailed_check,1,1
CUST-03036,58,49.79,2942.51,month-to-month,mailed_check,7,0
CUST-03037,12,80.67,994.69,month-to-month,mailed_check,2,0
CUST-03038,21,56.94,1197.93,one_year,mailed_check,0,1
CUST-03039,15,20.11,315.36,two_year,electronic_check,2,0
CUST-03040,29,116.18,3512.57,month-to-month,electronic_check,6,1
CUST-03041,21,74.96,1570.04,month-to-month,mailed_check,7,1
CUST-03042,24,79.84,1851.14,month-to-month,credit_card,4,1
CUST-03043,39,79.99,3204.72,month-to-month,credit_card,1,0
CUST-03044,14,75.06,1023.9,two_year,electronic_check,4,0
CUST-03045,64,49.0,3243.83,month-to-month,mailed_check,4,1
CUST-03046,53,117.16,6263.46,one_year,bank_transfer,4,0
CUST-03047,55,82.17,4471.32,month-to-month,mailed_check,2,0
CUST-03048,13,87.09,1138.58,one_year,bank_transfer,1,0
CUST-03049,51,65.48,3350.4,one_year,credit_card,2,0
CUST-03050,61,48.79,3102.35,one_year,electronic_check,7,1
CUST-03051,13,26.43,333.84,month-to-month,mailed_check,3,1
CUST-03052,55,55.02,3155.84,one_year,mailed_check,0,0
CUST-03053,26,37.61,932.03,one_year,mailed_check,2,0
CUST-03054,57,86.21,5046.19,one_year,electronic_check,3,0
CUST-03055,35,107.9,3935.0,one_year,bank_transfer,4,1
CUST-03056,58,50.28,2885.08,two_year,electronic_check,5,0
CUST-03057,11,53.29,561.15,month-to-month,bank_transfer,3,1
CUST-03058,29,87.04,2600.96,month-to-month,bank_transfer,1,1
CUST-03059,20,34.93,722.49,two_year,electronic_check,3,0
CUST-03060,18,112.94,1999.7,month-to-month,credit_card,0,1
CUST-03061,23,56.38,1299.26,two_year,credit_card,4,1
CUST-03062,28,30.12,869.46,one_year,mailed_check,3,1
CUST-03063,10,37.47,363.15,two_year,credit_card,2,0
CUST-03064,51,113.27,5851.51,one_year,credit_card,5,0
CUST-03065,40,44.71,1776.07,two_year,electronic_check,6,0
CUST-03066,60,86.23,5005.17,one_year,bank_transfer,2,0
CUST-03067,51,35.62,1876.65,month-to-month,bank_transfer,4,1
CUST-03068,11,39.41,425.91,month-to-month,bank_transfer,4,1
CUST-03069,6,107.92,675.67,month-to-month,credit_card,4,1
CUST-03070,31,34.8,1086.34,month-to-month,mailed_check,3,1
CUST-03071,35,21.88,766.74,two_year,electronic_check,1,0
CUST-03072,18,70.12,1252.54,month-to-month,mailed_check,1,0
CUST-03073,57,106.27,5997.37,one_year,bank_transfer,0,0
CUST-03074,42,52.6,2279.41,month-to-month,mailed_check,0,1
CUST-03075,54,32.82,1803.53,month-to-month,electronic_check,6,1
CUST-03076,8,118.22,971.67,two_year,electronic_check,0,0
CUST-03077,59,87.67,5131.94,month-to-month,bank_transfer,6,1
CUST-03078,15,105.07,1538.44,one_year,electronic_check,7,1
CUST-03079,33,95.21,3012.25,month-to-month,mailed_check,1,1
CUST-03080,32,89.82,2953.9,month-to-month,electronic_check,3,1
CUST-03081,60,58.46,3477.67,month-to-month,mailed_check,2,1
CUST-03082,20,52.43,1049.65,one_year,electronic_check,3,1
CUST-03083,18,91.7,1645.47,month-to-month,electronic_check,2,1
CUST-03084,25,91.67,2276.0,two_year,bank_transfer,2,1
CUST-03085,26,115.06,3046.54,one_year,electronic_check,5,1
CUST-03086,14,76.87,1087.82,month-to-month,electronic_check,3,1
CUST-03087,13,49.46,673.36,month-to-month,bank_transfer,1,0
CUST-03088,17,68.95,1129.87,month-to-month,electronic_check,3,1
CUST-03089,34,81.37,2786.97,one_year,electronic_check,7,1
CUST-03090,25,62.67,1498.39,month-to-month,mailed_check,7,0
CUST-03091,29,99.11,2962.79,month-to-month,mailed_check,0,1
CUST-03092,52,78.46,4127.44,month-to-month,mailed_check,4,1
CUST-03093,18,20.94,374.28,month-to-month,credit_card,7,1
CUST-03094,66,76.98,5234.51,one_year,mailed_check,1,1
CUST-03095,55,83.36,4564.19,month-to-month,bank_transfer,0,1
CUST-03096,13,111.53,1410.37,month-to-month,credit_card,1,1
CUST-03097,23,61.37,1407.68,month-to-month,mailed_check,2,0
CUST-03098,14,77.45,1037.72,one_year,bank_transfer,7,0
CUST-03099,20,67.5,1403.71,one_year,mailed_check,2,0
CUST-03100,27,73.17,2021.1,month-to-month,bank_transfer,2,0
CUST-03101,10,26.73,274.26,month-to-month,credit_card,2,0
CUST-03102,2,109.73,227.68,one_year,electronic_check,3,1
CUST-03103,32,111.04,3656.92,month-to-month,credit_card,7,1
CUST-03104,51,74.81,3789.11,one_year,mailed_check,0,0
CUST-03105,22,75.66,1600.95,month-to-month,bank_transfer,3,1
CUST-03106,62,25.76,1576.63,month-to-month,mailed_check,4,0
CUST-03107,27,79.8,2247.99,month-to-month,electronic_check,0,1
CUST-03108,65,62.92,4273.14,month-to-month,electronic_check,0,1
CUST-03109,17,90.9,1586.77,one_year,credit_card,7,1
CUST-03110,39,24.71,935.3,month-to-month,bank_transfer,2,1
CUST-03111,55,91.09,4856.81,month-to-month,credit_card,1,0
CUST-03112,5,48.69,252.69,month-to-month,electronic_check,2,1
CUST-03113,67,85.17,5502.09,month-to-month,electronic_check,0,1
CUST-03114,27,82.71,2252.03,one_year,electronic_check,1,0
CUST-03115,36,42.68,1517.92,one_year,electronic_check,0,0
CUST-03116,46,64.05,2887.75,two_year,mailed_check,4,0
CUST-03117,47,103.56,4953.82,month-to-month,credit_card,3,1
CUST-03118,2,80.56,168.52,month-to-month,credit_card,2,1
CUST-03119,63,26.87,1740.06,month-to-month,mailed_check,7,1
CUST-03120,45,64.29,2889.09,two_year,mailed_check,2,0
CUST-03121,72,51.18,3662.91,month-to-month,bank_transfer,0,0
CUST-03122,34,84.16,2978.25,month-to-month,bank_transfer,0,0
CUST-03123,45,81.46,3694.17,one_year,bank_transfer,5,0
CUST-03124,32,21.04,673.05,month-to-month,mailed_check,4,0
CUST-03125,65,80.77,5346.01,month-to-month,electronic_check,2,1
CUST-03126,60,93.48,5461.66,month-to-month,electronic_check,1,0
CUST-03127,66,96.87,6114.69,one_year,credit_card,1,0
CUST-03128,37,25.9,992.24,one_year,bank_transfer,3,0
CUST-03129,57,50.37,2901.65,month-to-month,credit_card,5,0
CUST-03130,26,62.13,1561.18,one_year,electronic_check,5,0
CUST-03131,34,37.98,1265.15,month-to-month,mailed_check,5,1
CUST-03132,55,62.07,3581.3,month-to-month,electronic_check,0,1
CUST-03133,6,27.11,164.86,two_year,credit_card,4,1
CUST-03134,52,31.32,1650.9,one_year,electronic_check,6,0
CUST-03135,2,86.87,166.31,two_year,bank_transfer,1,0
CUST-03136,42,46.26,2033.92,one_year,electronic_check,4,1
CUST-03137,35,91.14,3315.22,month-to-month,electronic_check,0,1
CUST-03138,34,24.81,847.6,month-to-month,electronic_check,7,1
CUST-03139,36,76.27,2693.39,month-to-month,mailed_check,5,1
CUST-03140,36,59.14,2171.39,month-to-month,credit_card,4,1
CUST-03141,30,99.7,3090.62,month-to-month,credit_card,4,0
CUST-03142,33,98.4,3339.94,month-to-month,bank_transfer,5,1
CUST-03143,41,57.56,2472.37,month-to-month,mailed_check,3,0
CUST-03144,55,82.27,4586.85,two_year,bank_transfer,7,0
CUST-03145,40,42.75,1679.62,month-to-month,electronic_check,1,1
CUST-03146,47,78.04,3667.15,month-to-month,credit_card,6,1
CUST-03147,61,28.13,1769.99,one_year,bank_transfer,6,0
CUST-03148,72,63.46,4461.93,one_year,mailed_check,6,0
CUST-03149,8,38.27,297.96,month-to-month,electronic_check,0,1
CUST-03150,52,108.34,5760.24,one_year,electronic_check,3,0
CUST-03151,17,64.49,1090.24,one_year,mailed_check,5,1
CUST-03152,15,79.08,1223.71,two_year,credit_card,4,0
CUST-03153,58,56.04,3134.4,month-to-month,bank_transfer,5,1
CUST-03154,5,48.87,240.36,month-to-month,mailed_check,5,1
CUST-03155,62,40.29,2440.17,one_year,mailed_check,1,0
CUST-03156,56,111.19,6349.68,month-to-month,bank_transfer,6,1
CUST-03157,72,99.95,7382.77,one_year,electronic_check,3,0
CUST-03158,49,33.33,1625.79,one_year,electronic_check,7,0
CUST-03159,63,94.67,5951.26,one_year,bank_transfer,4,0
CUST-03160,9,61.85,536.19,two_year,electronic_check,4,1
CUST-03161,65,21.54,1428.34,one_year,electronic_check,4,1
CUST-03162,12,72.84,917.07,two_year,mailed_check,6,0
CUST-03163,23,33.0,780.2,one_year,electronic_check,7,0
CUST-03164,10,40.99,398.58,month-to-month,credit_card,4,0
CUST-03165,29,89.6,2630.51,one_year,credit_card,4,1
CUST-03166,54,45.71,2417.95,one_year,credit_card,0,1
CUST-03167,20,109.19,2081.18,two_year,credit_card,0,1
CUST-03168,60,85.72,4978.35,month-to-month,electronic_check,5,0
CUST-03169,44,103.23,4361.54,month-to-month,mailed_check,2,1
CUST-03170,46,81.52,3635.85,two_year,bank_transfer,3,0
CUST-03171,68,106.88,7483.03,month-to-month,electronic_check,5,0
CUST-03172,32,56.17,1760.15,one_year,credit_card,1,0
CUST-03173,25,74.91,1920.99,month-to-month,electronic_check,2,0
CUST-03174,72,71.59,5385.77,month-to-month,mailed_check,0,0
CUST-03175,41,110.38,4559.15,month-to-month,bank_transfer,6,1
CUST-03176,45,36.49,1639.72,two_year,credit_card,4,1
CUST-03177,22,77.81,1754.55,month-to-month,bank_transfer,1,1
CUST-03178,16,95.44,1465.56,one_year,bank_transfer,4,0
CUST-03179,13,57.0,735.74,one_year,electronic_check,1,0
CUST-03180,17,106.76,1814.68,one_year,bank_transfer,6,0
CUST-03181,15,57.3,887.98,month-to-month,bank_transfer,1,0
CUST-03182,54,37.33,2079.21,month-to-month,mailed_check,2,0
CUST-03183,5,78.4,405.68,two_year,bank_transfer,7,1
CUST-03184,46,62.06,2911.1,month-to-month,electronic_check,5,1
CUST-03185,69,21.52,1489.35,month-to-month,electronic_check,5,0
CUST-03186,56,26.98,1560.64,two_year,credit_card,4,0
CUST-03187,30,39.53,1230.1,month-to-month,electronic_check,4,0
CUST-03188,5,96.93,483.72,month-to-month,bank_transfer,1,1
CUST-03189,61,109.2,6984.96,two_year,mailed_check,2,0
CUST-03190,1,74.56,77.36,month-to-month,credit_card,7,0
CUST-03191,50,30.56,1529.43,month-to-month,electronic_check,7,0
CUST-03192,49,73.44,3443.65,month-to-month,electronic_check,5,1
CUST-03193,14,105.56,1437.13,one_year,credit_card,7,0
CUST-03194,54,94.95,5268.89,two_year,bank_transfer,6,0
CUST-03195,13,49.11,613.6,one_year,mailed_check,3,0
CUST-03196,17,32.39,548.95,two_year,mailed_check,5,1
CUST-03197,59,110.07,6562.11,month-to-month,mailed_check,6,0
CUST-03198,71,105.41,7767.19,one_year,credit_card,1,0
CUST-03199,20,25.37,525.04,month-to-month,bank_transfer,7,1
CUST-03200,67,102.37,7039.88,two_year,credit_card,3,0
CUST-03201,66,29.72,1943.5,two_year,credit_card,2,0
CUST-03202,56,26.33,1421.64,month-to-month,mailed_check,3,1
CUST-03203,11,95.86,1072.35,two_year,bank_transfer,2,0
CUST-03204,22,73.63,1568.26,one_year,bank_transfer,2,1
CUST-03205,49,61.45,3029.75,month-to-month,credit_card,4,0
CUST-03206,72,110.39,8329.84,one_year,bank_transfer,7,0
CUST-03207,59,103.93,6162.74,two_year,electronic_check,3,0
CUST-03208,31,25.76,810.26,month-to-month,credit_card,1,0
CUST-03209,17,81.61,1411.98,month-to-month,bank_transfer,6,1
CUST-03210,70,97.23,7030.73,two_year,credit_card,2,0
CUST-03211,20,75.05,1491.22,month-to-month,mailed_check,4,0
CUST-03212,25,118.3,2956.78,month-to-month,mailed_check,2,0
CUST-03213,70,88.6,6001.36,one_year,bank_transfer,1,0
CUST-03214,41,30.41,1261.29,one_year,bank_transfer,2,0
CUST-03215,20,39.83,780.33,month-to-month,electronic_check,2,0
CUST-03216,1,102.62,102.7,month-to-month,mailed_check,7,1
CUST-03217,31,119.68,3808.84,two_year,bank_transfer,5,0
CUST-03218,71,29.83,2016.02,month-to-month,credit_card,5,1
CUST-03219,32,30.03,967.2,one_year,electronic_check,0,0
CUST-03220,51,96.34,4752.83,two_year,electronic_check,0,0
CUST-03221,19,26.44,491.19,month-to-month,mailed_check,2,0
CUST-03222,56,26.86,1433.96,two_year,electronic_check,7,0
CUST-03223,56,108.88,5895.83,one_year,electronic_check,0,0
CUST-03224,44,100.04,4616.19,two_year,mailed_check,6,1
CUST-03225,56,108.16,6358.7,month-to-month,bank_transfer,6,1
CUST-03226,42,85.05,3650.69,month-to-month,mailed_check,2,0
CUST-03227,28,52.25,1479.47,one_year,mailed_check,0,0
CUST-03228,54,110.63,6139.58,two_year,credit_card,1,1
CUST-03229,61,49.87,3162.85,two_year,mailed_check,0,0
CUST-03230,61,47.55,2906.22,month-to-month,credit_card,6,0
CUST-03231,16,108.64,1657.46,month-to-month,electronic_check,6,1
CUST-03232,49,88.08,4406.41,month-to-month,credit_card,5,0
CUST-03233,1,109.57,114.88,one_year,credit_card,0,0
CUST-03234,42,35.59,1458.62,two_year,electronic_check,7,0
CUST-03235,42,115.23,4821.97,one_year,bank_transfer,5,0
CUST-03236,27,81.27,2163.96,month-to-month,bank_transfer,6,1
CUST-03237,72,86.8,6181.4,two_year,mailed_check,3,0
CUST-03238,64,111.41,7287.85,month-to-month,bank_transfer,1,1
CUST-03239,3,58.08,172.11,month-to-month,electronic_check,6,0
CUST-03240,16,91.96,1536.22,one_year,mailed_check,0,0
CUST-03241,15,84.03,1297.02,month-to-month,credit_card,1,0
CUST-03242,65,98.78,6117.12,one_year,electronic_check,1,0
CUST-03243,38,109.69,4301.17,one_year,electronic_check,0,0
CUST-03244,53,88.01,4791.59,month-to-month,electronic_check,4,1
CUST-03245,59,26.76,1581.68,month-to-month,credit_card,1,1
CUST-03246,56,38.31,2144.9,month-to-month,electronic_check,7,0
CUST-03247,7,115.4,834.89,one_year,electronic_check,7,1
CUST-03248,11,116.87,1275.85,month-to-month,bank_transfer,1,1
CUST-03249,29,116.74,3270.21,month-to-month,bank_transfer,6,1
CUST-03250,25,23.68,580.92,month-to-month,mailed_check,0,1
CUST-03251,54,58.24,3071.37,one_year,credit_card,2,0
CUST-03252,12,95.97,1172.46,month-to-month,electronic_check,5,1
CUST-03253,27,95.29,2490.17,month-to-month,bank_transfer,1,1
CUST-03254,18,28.59,522.09,month-to-month,bank_transfer,0,0
CUST-03255,14,80.95,1129.43,month-to-month,electronic_check,1,1
CUST-03256,13,34.29,460.87,month-to-month,credit_card,5,0
CUST-03257,15,69.32,1038.25,month-to-month,mailed_check,1,0
CUST-03258,41,43.97,1880.19,one_year,electronic_check,1,0
CUST-03259,30,25.32,789.9,month-to-month,electronic_check,1,0
CUST-03260,32,28.0,867.86,month-to-month,electronic_check,7,0
CUST-03261,35,111.09,3960.51,two_year,credit_card,7,0
CUST-03262,54,94.46,4955.52,month-to-month,electronic_check,6,1
CUST-03263,63,113.18,7361.02,month-to-month,credit_card,0,0
CUST-03264,38,67.0,2580.52,month-to-month,electronic_check,2,0
CUST-03265,47,61.33,2823.13,month-to-month,credit_card,7,1
CUST-03266,54,55.84,2939.75,month-to-month,credit_card,4,1
CUST-03267,50,81.63,4052.79,two_year,electronic_check,0,0
CUST-03268,10,55.16,568.15,month-to-month,electronic_check,1,1
CUST-03269,71,94.63,6917.52,one_year,credit_card,6,0
CUST-03270,12,100.13,1145.51,two_year,electronic_check,7,0
CUST-03271,30,107.58,3163.72,month-to-month,electronic_check,3,1
CUST-03272,47,44.28,2065.11,one_year,credit_card,1,1
CUST-03273,30,72.7,2199.73,month-to-month,credit_card,0,0
CUST-03274,18,42.34,735.49,month-to-month,bank_transfer,1,1
CUST-03275,67,23.76,1565.41,two_year,credit_card,6,0
CUST-03276,6,90.78,565.7,month-to-month,mailed_check,6,1
CUST-03277,18,74.9,1345.0,two_year,bank_transfer,2,0
CUST-03278,72,92.39,6814.69,one_year,mailed_check,7,0
CUST-03279,53,28.76,1522.08,month-to-month,bank_transfer,7,1
CUST-03280,7,119.55,833.94,month-to-month,bank_transfer,7,1
CUST-03281,55,119.43,6649.01,one_year,bank_transfer,6,1
CUST-03282,70,66.5,4542.98,month-to-month,credit_card,4,1
CUST-03283,8,106.61,831.51,month-to-month,mailed_check,7,1
CUST-03284,30,44.36,1395.82,month-to-month,bank_transfer,5,0
CUST-03285,34,93.76,3305.35,month-to-month,mailed_check,6,1
CUST-03286,10,107.92,1104.88,two_year,electronic_check,3,1
CUST-03287,15,101.47,1466.77,month-to-month,electronic_check,1,1
CUST-03288,13,101.18,1253.52,month-to-month,credit_card,4,1
CUST-03289,14,66.3,898.11,one_year,mailed_check,3,0
CUST-03290,30,102.0,3193.91,one_year,bank_transfer,2,0
CUST-03291,34,89.07,3124.18,two_year,mailed_check,5,0
CUST-03292,18,33.25,599.79,two_year,credit_card,4,0
CUST-03293,21,31.42,690.72,month-to-month,bank_transfer,2,0
CUST-03294,14,97.19,1312.6,month-to-month,electronic_check,1,0
CUST-03295,58,82.55,4816.01,one_year,mailed_check,4,0
CUST-03296,16,71.94,1114.54,month-to-month,bank_transfer,2,0
CUST-03297,66,110.73,7166.47,one_year,electronic_check,1,1
CUST-03298,39,85.96,3499.95,month-to-month,mailed_check,1,1
CUST-03299,58,59.61,3584.99,two_year,electronic_check,5,0
CUST-03300,46,61.39,2711.63,one_year,electronic_check,3,0
CUST-03301,20,80.52,1570.15,one_year,credit_card,2,1
CUST-03302,44,96.03,4265.14,month-to-month,credit_card,0,1
CUST-03303,20,76.44,1461.65,two_year,bank_transfer,0,1
CUST-03304,9,70.88,641.08,one_year,electronic_check,5,0
CUST-03305,19,92.69,1775.99,two_year,credit_card,7,1
CUST-03306,20,90.53,1772.68,two_year,bank_transfer,2,0
CUST-03307,10,103.03,1009.03,month-to-month,credit_card,6,1
CUST-03308,2,26.26,51.09,month-to-month,electronic_check,4,1
CUST-03309,68,95.5,6776.59,month-to-month,electronic_check,2,0
CUST-03310,37,71.38,2611.57,one_year,bank_transfer,4,1
CUST-03311,29,27.47,803.4,one_year,credit_card,1,0
CUST-03312,67,87.9,5772.51,month-to-month,electronic_check,2,0
CUST-03313,17,91.65,1589.7,two_year,electronic_check,5,0
CUST-03314,30,72.36,2084.36,month-to-month,bank_transfer,6,1
CUST-03315,61,99.38,5802.5,one_year,credit_card,1,0
CUST-03316,46,50.02,2357.35,month-to-month,credit_card,7,1
CUST-03317,29,40.19,1191.95,month-to-month,credit_card,4,0
CUST-03318,19,55.07,1021.8,month-to-month,bank_transfer,1,1
CUST-03319,3,61.01,180.36,one_year,credit_card,6,0
CUST-03320,7,89.59,655.83,one_year,mailed_check,7,0
CUST-03321,12,104.55,1204.98,month-to-month,electronic_check,2,1
CUST-03322,57,92.09,5082.91,month-to-month,bank_transfer,0,0
CUST-03323,47,37.4,1745.44,one_year,bank_transfer,2,0
CUST-03324,32,56.62,1772.41,month-to-month,mailed_check,6,1
CUST-03325,57,35.84,2073.4,one_year,electronic_check,0,0
CUST-03326,12,88.67,1084.35,month-to-month,bank_transfer,2,0
CUST-03327,16,44.82,718.97,two_year,credit_card,2,0
CUST-03328,29,72.54,2127.01,one_year,mailed_check,0,0
CUST-03329,67,99.18,6601.02,month-to-month,credit_card,4,1
CUST-03330,45,87.09,4021.28,one_year,mailed_check,6,0
CUST-03331,62,49.84,2948.43,month-to-month,electronic_check,1,0
CUST-03332,18,53.29,941.21,two_year,electronic_check,7,1
CUST-03333,62,85.34,5388.44,one_year,mailed_check,7,1
CUST-03334,6,74.95,442.02,month-to-month,electronic_check,6,1
CUST-03335,17,29.64,482.63,one_year,bank_transfer,5,0
CUST-03336,38,107.4,4017.92,month-to-month,credit_card,3,1
CUST-03337,4,71.26,291.07,two_year,mailed_check,1,1
CUST-03338,62,67.34,4017.02,two_year,credit_card,7,0
CUST-03339,63,39.84,2566.55,one_year,credit_card,4,0
CUST-03340,39,57.7,2312.26,month-to-month,mailed_check,3,1
CUST-03341,23,53.28,1242.08,one_year,electronic_check,3,0
CUST-03342,8,47.07,366.96,month-to-month,electronic_check,1,0
CUST-03343,45,76.74,3558.76,month-to-month,bank_transfer,3,0
CUST-03344,39,66.23,2509.12,two_year,mailed_check,6,0
CUST-03345,55,108.92,6233.7,month-to-month,bank_transfer,4,1
CUST-03346,44,114.13,5125.69,month-to-month,bank_transfer,3,0
CUST-03347,10,41.95,400.8,month-to-month,bank_transfer,0,0
CUST-03348,9,30.01,278.18,two_year,electronic_check,3,1
CUST-03349,57,98.53,5620.04,two_year,electronic_check,1,0
CUST-03350,12,119.49,1427.04,month-to-month,mailed_check,3,1
CUST-03351,68,106.36,7174.99,month-to-month,credit_card,1,1
CUST-03352,8,22.37,180.87,two_year,bank_transfer,7,0
CUST-03353,53,45.13,2445.41,month-to-month,bank_transfer,1,0
CUST-03354,71,24.33,1796.14,two_year,bank_transfer,0,1
CUST-03355,32,102.08,3192.33,two_year,mailed_check,5,0
CUST-03356,5,78.14,395.81,one_year,electronic_check,2,1
CUST-03357,64,71.37,4652.92,month-to-month,electronic_check,7,1
CUST-03358,14,75.44,1074.69,one_year,electronic_check,3,0
CUST-03359,38,45.25,1718.11,two_year,electronic_check,5,1
CUST-03360,71,80.16,5629.61,month-to-month,electronic_check,6,1
CUST-03361,54,23.07,1278.28,two_year,bank_transfer,7,1
CUST-03362,4,84.6,331.64,month-to-month,electronic_check,6,0
CUST-03363,60,93.44,5442.92,two_year,electronic_check,4,0
CUST-03364,12,87.3,1052.43,one_year,electronic_check,6,1
CUST-03365,54,53.21,2806.66,month-to-month,electronic_check,2,1
CUST-03366,45,102.63,4402.62,month-to-month,electronic_check,6,1
CUST-03367,21,91.55,1836.43,month-to-month,electronic_check,6,1
CUST-03368,31,32.83,1037.57,month-to-month,electronic_check,3,0
CUST-03369,9,39.51,372.46,two_year,credit_card,0,0
CUST-03370,72,83.71,5999.87,month-to-month,electronic_check,5,0
CUST-03371,18,48.94,849.86,two_year,electronic_check,0,0
CUST-03372,23,31.94,758.07,month-to-month,mailed_check,0,0
CUST-03373,37,35.5,1282.05,one_year,electronic_check,7,0
CUST-03374,49,36.56,1880.32,two_year,mailed_check,4,0
CUST-03375,37,67.78,2523.69,one_year,mailed_check,5,0
CUST-03376,37,80.74,2907.45,two_year,credit_card,7,0
CUST-03377,42,37.64,1580.26,two_year,credit_card,7,1
CUST-03378,62,91.25,5564.35,one_year,bank_transfer,7,0
CUST-03379,29,48.1,1433.92,one_year,electronic_check,1,1
CUST-03380,60,51.16,2948.36,month-to-month,mailed_check,2,1
CUST-03381,57,42.35,2500.12,month-to-month,electronic_check,6,1
CUST-03382,70,98.52,7080.81,month-to-month,credit_card,0,0
CUST-03383,66,115.98,7931.39,two_year,electronic_check,1,0
CUST-03384,58,69.25,4175.15,one_year,bank_transfer,4,0
CUST-03385,18,24.2,423.88,one_year,electronic_check,2,1
CUST-03386,56,46.06,2584.61,two_year,mailed_check,1,0
CUST-03387,54,35.81,2001.13,month-to-month,electronic_check,7,1
CUST-03388,21,104.28,2162.95,two_year,mailed_check,3,1
CUST-03389,49,28.49,1334.43,month-to-month,bank_transfer,3,1
CUST-03390,19,116.65,2170.12,month-to-month,bank_transfer,5,1
CUST-03391,38,78.85,2919.02,one_year,electronic_check,5,1
CUST-03392,58,71.77,4316.94,month-to-month,electronic_check,3,0
CUST-03393,14,104.74,1460.99,one_year,credit_card,7,1
CUST-03394,25,22.75,579.31,one_year,mailed_check,2,0
CUST-03395,58,97.72,5929.39,two_year,bank_transfer,6,0
CUST-03396,33,31.66,1023.81,month-to-month,mailed_check,6,0
CUST-03397,70,104.08,7475.74,month-to-month,bank_transfer,0,1
CUST-03398,1,72.92,69.44,month-to-month,bank_transfer,6,1
CUST-03399,52,26.11,1304.12,month-to-month,electronic_check,1,1
CUST-03400,59,103.32,5890.01,month-to-month,mailed_check,3,0
CUST-03401,67,22.73,1494.44,month-to-month,mailed_check,7,0
CUST-03402,12,33.84,402.11,two_year,electronic_check,1,0
CUST-03403,71,99.78,7068.27,two_year,bank_transfer,4,0
CUST-03404,29,66.49,1879.02,two_year,electronic_check,6,0
CUST-03405,26,108.14,2689.65,month-to-month,electronic_check,3,1
CUST-03406,26,83.54,2210.68,one_year,credit_card,0,0
CUST-03407,46,82.35,3607.78,month-to-month,credit_card,0,0
CUST-03408,48,49.22,2435.85,month-to-month,electronic_check,4,1
CUST-03409,35,33.37,1218.0,month-to-month,bank_transfer,0,0
CUST-03410,6,116.12,711.36,two_year,electronic_check,0,0
CUST-03411,72,30.48,2215.6,one_year,bank_transfer,7,0
CUST-03412,16,72.9,1184.73,month-to-month,mailed_check,4,0
CUST-03413,7,47.26,335.83,one_year,credit_card,3,0
CUST-03414,44,46.41,2130.38,two_year,mailed_check,0,0
CUST-03415,30,79.46,2494.44,month-to-month,mailed_check,6,1
CUST-03416,45,99.79,4457.79,two_year,credit_card,4,1
CUST-03417,64,97.72,6327.17,month-to-month,electronic_check,1,0
CUST-03418,8,106.88,880.93,month-to-month,electronic_check,6,1
CUST-03419,21,49.29,983.45,two_year,mailed_check,1,0
CUST-03420,38,66.58,2536.69,month-to-month,bank_transfer,4,0
CUST-03421,57,20.93,1211.45,one_year,electronic_check,4,0
CUST-03422,44,94.69,4256.67,month-to-month,bank_transfer,2,1
CUST-03423,28,50.23,1388.11,one_year,mailed_check,7,1
CUST-03424,44,76.15,3282.1,one_year,bank_transfer,5,1
CUST-03425,71,36.93,2538.69,two_year,credit_card,2,0
CUST-03426,35,101.94,3588.53,two_year,mailed_check,1,0
CUST-03427,64,101.73,6783.53,one_year,mailed_check,2,1
CUST-03428,57,107.75,6384.67,month-to-month,mailed_check,3,1
CUST-03429,22,24.59,533.48,month-to-month,electronic_check,4,1
CUST-03430,18,119.25,2094.45,one_year,credit_card,3,0
CUST-03431,56,44.78,2579.98,month-to-month,credit_card,0,0
CUST-03432,15,50.94,781.34,month-to-month,credit_card,5,0
CUST-03433,25,44.93,1123.94,two_year,credit_card,3,1
CUST-03434,17,46.75,785.99,month-to-month,mailed_check,2,1
CUST-03435,44,75.27,3187.12,month-to-month,bank_transfer,4,1
CUST-03436,22,43.98,995.17,two_year,electronic_check,6,0
CUST-03437,48,59.38,2883.58,one_year,credit_card,0,0
CUST-03438,68,85.56,5746.49,one_year,bank_transfer,7,0
CUST-03439,60,103.6,6476.48,month-to-month,electronic_check,5,1
CUST-03440,69,89.27,6258.27,month-to-month,credit_card,4,0
CUST-03441,2,79.43,165.68,one_year,bank_transfer,0,0
CUST-03442,33,34.77,1144.57,month-to-month,credit_card,5,1
CUST-03443,16,101.61,1618.41,one_year,bank_transfer,5,0
CUST-03444,67,23.73,1659.25,month-to-month,credit_card,4,1
CUST-03445,52,46.42,2524.78,month-to-month,mailed_check,6,1
CUST-03446,24,25.71,645.37,month-to-month,mailed_check,6,0
CUST-03447,41,86.74,3669.87,month-to-month,bank_transfer,6,1
CUST-03448,44,56.84,2491.43,month-to-month,electronic_check,2,0
CUST-03449,36,85.2,2978.51,one_year,electronic_check,5,0
CUST-03450,35,54.7,1892.29,one_year,credit_card,0,0
CUST-03451,4,65.57,273.79,month-to-month,credit_card,4,1
CUST-03452,33,65.8,2141.65,one_year,credit_card,1,0
CUST-03453,26,24.56,654.9,month-to-month,electronic_check,2,0
CUST-03454,59,63.02,3875.62,month-to-month,electronic_check,5,0
CUST-03455,63,84.11,5547.95,two_year,credit_card,3,0
CUST-03456,55,74.61,4286.98,one_year,electronic_check,6,1
CUST-03457,3,27.53,83.04,one_year,mailed_check,0,0
CUST-03458,61,86.81,5290.84,month-to-month,mailed_check,7,0
CUST-03459,29,50.89,1547.66,month-to-month,credit_card,5,0
CUST-03460,30,21.44,625.17,one_year,mailed_check,3,0
CUST-03461,69,35.56,2376.94,one_year,electronic_check,0,0
CUST-03462,63,69.76,4598.18,one_year,mailed_check,0,0
CUST-03463,4,51.04,208.02,two_year,electronic_check,3,0
CUST-03464,26,89.44,2333.84,month-to-month,bank_transfer,4,1
CUST-03465,54,44.07,2291.97,two_year,bank_transfer,4,0
CUST-03466,39,97.28,3798.93,one_year,bank_transfer,2,0
CUST-03467,19,48.65,965.37,month-to-month,mailed_check,5,0
CUST-03468,38,82.09,3151.38,month-to-month,electronic_check,4,0
CUST-03469,63,99.92,6235.03,one_year,electronic_check,2,1
CUST-03470,17,58.56,1000.53,month-to-month,credit_card,2,1
CUST-03471,54,24.68,1384.21,one_year,mailed_check,3,0
CUST-03472,53,73.54,4058.78,one_year,mailed_check,5,0
CUST-03473,64,119.54,7574.18,month-to-month,mailed_check,4,0
CUST-03474,22,116.9,2599.57,month-to-month,credit_card,1,0
CUST-03475,16,42.1,658.76,one_year,credit_card,7,0
CUST-03476,40,95.57,3804.09,month-to-month,electronic_check,1,0
CUST-03477,39,54.5,2065.78,two_year,bank_transfer,5,0
CUST-03478,30,36.03,1084.22,month-to-month,mailed_check,0,0
CUST-03479,57,86.59,4974.33,two_year,credit_card,2,0
CUST-03480,58,70.09,3999.12,month-to-month,credit_card,4,1
CUST-03481,18,73.92,1300.29,month-to-month,bank_transfer,6,1
CUST-03482,58,102.74,5750.93,one_year,credit_card,4,1
CUST-03483,17,53.65,879.25,month-to-month,mailed_check,0,1
CUST-03484,30,86.71,2656.29,month-to-month,mailed_check,7,1
CUST-03485,2,56.62,110.09,month-to-month,bank_transfer,2,1
CUST-03486,25,24.27,583.63,one_year,bank_transfer,2,0
CUST-03487,70,57.8,4247.95,one_year,electronic_check,0,0
CUST-03488,32,115.0,3591.76,month-to-month,mailed_check,5,1
CUST-03489,52,68.33,3693.68,month-to-month,electronic_check,3,0
CUST-03490,8,30.82,249.28,month-to-month,electronic_check,1,0
CUST-03491,46,88.78,4171.84,two_year,credit_card,5,0
CUST-03492,27,116.34,3160.26,month-to-month,electronic_check,1,0
CUST-03493,54,110.79,5791.94,one_year,credit_card,4,1
CUST-03494,67,77.2,5351.64,month-to-month,mailed_check,5,0
CUST-03495,39,57.63,2321.21,one_year,bank_transfer,6,1
CUST-03496,8,78.07,615.15,two_year,credit_card,5,0
CUST-03497,35,101.59,3649.58,month-to-month,bank_transfer,4,1
CUST-03498,9,106.12,959.22,one_year,credit_card,0,0
CUST-03499,33,101.88,3499.71,month-to-month,electronic_check,1,0
CUST-03500,5,65.55,337.66,one_year,mailed_check,4,1
CUST-03501,47,31.89,1429.84,month-to-month,bank_transfer,4,0
CUST-03502,23,76.92,1836.2,month-to-month,bank_transfer,4,1
CUST-03503,15,35.64,559.69,month-to-month,credit_card,5,1
CUST-03504,2,26.1,53.46,month-to-month,bank_transfer,7,0
CUST-03505,64,69.87,4301.52,two_year,electronic_check,4,0
CUST-03506,61,85.54,5378.16,one_year,electronic_check,1,0
CUST-03507,59,105.41,6311.2,month-to-month,credit_card,3,0
CUST-03508,5,98.28,483.5,month-to-month,mailed_check,2,1
CUST-03509,26,105.72,2854.39,one_year,bank_transfer,4,0
CUST-03510,70,96.01,6764.55,month-to-month,bank_transfer,4,0
CUST-03511,42,90.32,3927.49,month-to-month,credit_card,4,0
CUST-03512,10,21.01,213.71,one_year,credit_card,4,1
CUST-03513,11,82.61,889.49,month-to-month,electronic_check,2,0
CUST-03514,19,32.05,637.84,month-to-month,credit_card,1,1
CUST-03515,71,25.87,1849.58,month-to-month,electronic_check,6,0
CUST-03516,13,35.64,464.11,month-to-month,mailed_check,3,0
CUST-03517,66,102.33,6688.56,one_year,credit_card,1,0
CUST-03518,49,94.38,4456.68,one_year,electronic_check,7,0
CUST-03519,67,114.88,7840.1,two_year,electronic_check,0,1
CUST-03520,60,117.9,7024.91,month-to-month,bank_transfer,2,1
CUST-03521,24,109.33,2737.92,one_year,credit_card,5,0
CUST-03522,60,33.29,2090.46,two_year,electronic_check,3,0
CUST-03523,13,107.84,1439.42,one_year,bank_transfer,6,1
CUST-03524,21,103.86,2124.97,two_year,mailed_check,2,0
CUST-03525,16,107.11,1750.75,two_year,mailed_check,5,0
CUST-03526,10,35.17,334.82,two_year,bank_transfer,3,1
CUST-03527,7,31.68,228.99,two_year,mailed_check,3,1
CUST-03528,14,112.38,1572.33,one_year,credit_card,3,0
CUST-03529,9,37.38,351.14,month-to-month,bank_transfer,7,1
CUST-03530,28,56.86,1572.68,two_year,credit_card,6,0
CUST-03531,6,65.6,384.27,two_year,credit_card,2,0
CUST-03532,5,32.44,170.25,month-to-month,electronic_check,3,1
CUST-03533,72,22.06,1593.44,month-to-month,bank_transfer,3,0
CUST-03534,7,119.41,866.22,month-to-month,bank_transfer,5,1
CUST-03535,6,107.67,672.55,two_year,electronic_check,4,0
CUST-03536,3,111.23,334.32,month-to-month,bank_transfer,4,1
CUST-03537,10,48.46,482.42,month-to-month,bank_transfer,3,0
CUST-03538,39,42.01,1647.06,month-to-month,electronic_check,3,0
CUST-03539,60,62.59,3885.78,month-to-month,mailed_check,4,1
CUST-03540,53,65.33,3623.49,two_year,mailed_check,6,0
CUST-03541,42,20.56,848.69,month-to-month,mailed_check,7,1
CUST-03542,7,97.93,701.83,month-to-month,credit_card,0,1
CUST-03543,56,119.67,6557.51,month-to-month,electronic_check,1,0
CUST-03544,3,72.87,221.03,one_year,bank_transfer,5,0
CUST-03545,46,58.83,2788.47,one_year,bank_transfer,1,0
CUST-03546,30,59.28,1846.98,month-to-month,mailed_check,4,1
CUST-03547,64,29.61,1885.18,month-to-month,mailed_check,3,0
CUST-03548,23,46.62,1058.21,two_year,electronic_check,1,0
CUST-03549,46,70.21,3150.18,one_year,electronic_check,4,0
CUST-03550,32,63.18,1947.79,one_year,mailed_check,4,0
CUST-03551,38,74.5,2792.89,month-to-month,electronic_check,5,0
CUST-03552,68,104.91,7399.0,two_year,credit_card,6,0
CUST-03553,52,42.52,2193.31,one_year,bank_transfer,7,0
CUST-03554,30,22.77,670.51,month-to-month,electronic_check,3,0
CUST-03555,33,23.82,804.94,two_year,mailed_check,5,1
CUST-03556,51,33.42,1655.79,two_year,credit_card,6,1
CUST-03557,25,77.05,1879.26,one_year,electronic_check,7,1
CUST-03558,13,100.82,1367.77,one_year,bank_transfer,5,1
CUST-03559,34,108.68,3540.53,month-to-month,electronic_check,1,1
CUST-03560,5,83.51,413.99,month-to-month,credit_card,2,1
CUST-03561,13,60.31,790.1,month-to-month,mailed_check,1,0
CUST-03562,31,35.45,1069.35,one_year,mailed_check,1,0
CUST-03563,58,60.14,3411.84,month-to-month,mailed_check,2,0
CUST-03564,57,53.24,2950.35,month-to-month,mailed_check,3,1
CUST-03565,19,107.0,2001.57,two_year,bank_transfer,6,0
CUST-03566,31,68.67,2213.67,month-to-month,electronic_check,2,1
CUST-03567,12,42.62,507.94,two_year,electronic_check,1,1
CUST-03568,55,48.88,2666.31,month-to-month,electronic_check,1,0
CUST-03569,18,33.65,598.78,month-to-month,bank_transfer,1,1
CUST-03570,58,111.86,6788.9,month-to-month,credit_card,3,0
CUST-03571,61,25.03,1468.67,month-to-month,electronic_check,3,0
CUST-03572,50,21.28,1103.81,month-to-month,credit_card,3,0
CUST-03573,24,38.3,903.29,month-to-month,credit_card,2,0
CUST-03574,69,101.09,7293.45,one_year,electronic_check,3,0
CUST-03575,50,72.35,3550.5,month-to-month,electronic_check,5,1
CUST-03576,47,82.58,3719.56,month-to-month,mailed_check,0,0
CUST-03577,62,55.77,3464.87,month-to-month,electronic_check,7,1
CUST-03578,64,26.87,1672.74,month-to-month,bank_transfer,2,0
CUST-03579,6,105.62,649.73,month-to-month,mailed_check,1,0
CUST-03580,64,39.19,2547.58,month-to-month,mailed_check,1,1
CUST-03581,56,23.31,1329.47,one_year,bank_transfer,4,0
CUST-03582,15,77.27,1123.53,one_year,electronic_check,4,0
CUST-03583,23,28.33,665.16,two_year,credit_card,0,0
CUST-03584,55,29.58,1596.0,one_year,bank_transfer,3,1
CUST-03585,16,100.04,1680.42,month-to-month,mailed_check,1,1
CUST-03586,33,69.16,2335.21,month-to-month,mailed_check,7,1
CUST-03587,50,44.15,2227.5,month-to-month,electronic_check,2,1
CUST-03588,47,54.86,2673.21,one_year,credit_card,7,0
CUST-03589,66,92.92,6187.77,month-to-month,mailed_check,4,0
CUST-03590,9,26.64,240.98,month-to-month,credit_card,7,0
CUST-03591,22,31.65,677.97,two_year,credit_card,4,0
CUST-03592,71,81.63,5898.68,month-to-month,mailed_check,1,0
CUST-03593,41,80.7,3267.11,month-to-month,bank_transfer,5,1
CUST-03594,18,117.25,2014.0,two_year,bank_transfer,3,0
CUST-03595,21,57.45,1244.69,month-to-month,electronic_check,6,1
CUST-03596,25,26.51,633.0,month-to-month,credit_card,3,0
CUST-03597,40,73.75,3000.98,month-to-month,mailed_check,1,1
CUST-03598,21,83.83,1700.09,month-to-month,credit_card,0,0
CUST-03599,45,33.96,1517.91,two_year,bank_transfer,5,1
CUST-03600,33,75.29,2573.66,one_year,electronic_check,1,0
CUST-03601,44,39.78,1679.19,month-to-month,mailed_check,5,1
CUST-03602,12,104.47,1274.63,month-to-month,electronic_check,1,0
CUST-03603,45,103.52,4710.69,month-to-month,electronic_check,0,0
CUST-03604,67,62.96,4373.56,one_year,bank_transfer,5,0
CUST-03605,10,116.67,1128.56,month-to-month,electronic_check,2,1
CUST-03606,24,117.98,2916.34,month-to-month,credit_card,4,0
CUST-03607,50,32.93,1638.04,one_year,mailed_check,0,0
CUST-03608,45,56.77,2536.48,two_year,mailed_check,1,1
CUST-03609,49,80.03,3867.37,two_year,electronic_check,0,0
CUST-03610,41,28.48,1154.47,two_year,electronic_check,2,0
CUST-03611,50,58.27,2919.09,month-to-month,bank_transfer,2,1
CUST-03612,44,46.12,1949.37,one_year,mailed_check,2,0
CUST-03613,6,115.21,686.05,two_year,bank_transfer,1,1
CUST-03614,55,61.16,3414.84,month-to-month,mailed_check,3,0
CUST-03615,33,96.27,3176.24,month-to-month,electronic_check,7,1
CUST-03616,4,58.67,226.84,month-to-month,mailed_check,0,1
CUST-03617,30,33.18,981.8,two_year,electronic_check,7,0
CUST-03618,32,106.32,3382.68,two_year,electronic_check,3,0
CUST-03619,7,20.04,142.66,two_year,bank_transfer,4,0
CUST-03620,72,25.59,1916.63,month-to-month,electronic_check,5,0
CUST-03621,17,56.44,964.29,two_year,electronic_check,5,0
CUST-03622,24,88.69,2166.1,month-to-month,mailed_check,7,1
CUST-03623,32,54.17,1660.16,month-to-month,mailed_check,7,0
CUST-03624,60,26.63,1670.5,one_year,credit_card,0,0
CUST-03625,54,51.78,2744.66,one_year,credit_card,3,0
CUST-03626,56,44.5,2455.58,two_year,bank_transfer,4,1
CUST-03627,18,20.54,359.51,month-to-month,mailed_check,4,1
CUST-03628,61,73.48,4296.13,month-to-month,mailed_check,7,1
CUST-03629,60,31.66,1954.98,month-to-month,electronic_check,5,0
CUST-03630,34,48.75,1614.47,month-to-month,credit_card,3,1
CUST-03631,40,84.12,3291.64,two_year,mailed_check,7,0
CUST-03632,3,92.51,268.7,month-to-month,electronic_check,5,1
CUST-03633,55,46.35,2670.05,month-to-month,bank_transfer,6,1
CUST-03634,70,52.92,3808.46,month-to-month,bank_transfer,5,0
CUST-03635,35,44.69,1631.43,one_year,mailed_check,0,0
CUST-03636,39,115.69,4675.07,two_year,electronic_check,7,0
CUST-03637,36,39.05,1462.99,month-to-month,credit_card,5,1
CUST-03638,6,38.32,229.43,month-to-month,electronic_check,1,1
CUST-03639,45,64.5,2807.03,two_year,credit_card,2,0
CUST-03640,52,38.93,1989.35,one_year,mailed_check,2,0
CUST-03641,67,35.67,2340.34,month-to-month,credit_card,2,0
CUST-03642,67,29.59,2025.44,month-to-month,credit_card,4,0
CUST-03643,36,84.02,2881.15,two_year,mailed_check,4,1
CUST-03644,70,81.21,5481.09,one_year,credit_card,1,0
CUST-03645,39,85.02,3376.27,month-to-month,electronic_check,5,1
CUST-03646,47,97.33,4402.25,month-to-month,electronic_check,2,0
CUST-03647,44,52.64,2211.36,month-to-month,mailed_check,1,0
CUST-03648,72,111.84,7737.97,month-to-month,bank_transfer,7,0
CUST-03649,54,93.32,5135.39,month-to-month,electronic_check,2,0
CUST-03650,9,100.47,871.62,month-to-month,mailed_check,1,1
CUST-03651,6,92.1,533.03,month-to-month,credit_card,5,1
CUST-03652,30,55.85,1630.18,month-to-month,credit_card,6,0
CUST-03653,38,48.3,1881.58,month-to-month,electronic_check,1,0
CUST-03654,49,62.25,2958.93,month-to-month,mailed_check,0,1
CUST-03655,35,29.7,991.3,two_year,electronic_check,6,0
CUST-03656,38,65.13,2575.31,month-to-month,electronic_check,4,0
CUST-03657,67,24.31,1690.35,two_year,credit_card,3,0
CUST-03658,25,20.39,493.79,two_year,credit_card,3,0
CUST-03659,36,113.15,3977.81,two_year,electronic_check,4,0
CUST-03660,41,88.93,3532.72,month-to-month,electronic_check,5,1
CUST-03661,34,76.18,2647.15,month-to-month,mailed_check,0,0
CUST-03662,70,54.11,3693.02,one_year,mailed_check,2,0
CUST-03663,70,77.05,5626.48,month-to-month,electronic_check,7,1
CUST-03664,37,109.16,4171.16,month-to-month,electronic_check,1,0
CUST-03665,33,85.24,2837.72,month-to-month,mailed_check,7,1
CUST-03666,43,80.25,3281.22,one_year,electronic_check,3,0
CUST-03667,14,66.02,959.75,two_year,credit_card,1,0
CUST-03668,31,54.57,1730.19,month-to-month,bank_transfer,4,0
CUST-03669,16,89.85,1479.07,two_year,mailed_check,5,1
CUST-03670,11,118.1,1243.46,one_year,mailed_check,2,0
CUST-03671,7,62.48,446.45,month-to-month,credit_card,6,1
CUST-03672,43,59.22,2624.05,month-to-month,electronic_check,0,1
CUST-03673,1,62.81,65.68,month-to-month,credit_card,0,1
CUST-03674,47,62.55,2963.72,two_year,electronic_check,4,0
CUST-03675,32,119.06,3813.06,one_year,credit_card,4,0
CUST-03676,27,90.68,2430.04,one_year,electronic_check,5,1
CUST-03677,56,55.92,3194.46,one_year,credit_card,6,0
CUST-03678,39,57.15,2322.65,month-to-month,electronic_check,7,1
CUST-03679,53,63.08,3376.57,two_year,credit_card,4,0
CUST-03680,52,23.67,1197.33,two_year,bank_transfer,4,0
CUST-03681,3,72.78,207.81,one_year,electronic_check,7,0
CUST-03682,16,101.14,1637.48,month-to-month,bank_transfer,7,0
CUST-03683,42,86.06,3746.16,month-to-month,electronic_check,0,1
CUST-03684,71,39.84,2706.01,month-to-month,mailed_check,4,1
CUST-03685,12,92.8,1102.23,month-to-month,electronic_check,7,1
CUST-03686,8,91.95,767.94,one_year,bank_transfer,0,0
CUST-03687,68,46.25,3145.79,one_year,credit_card,7,0
CUST-03688,70,82.29,5599.22,two_year,mailed_check,5,0
CUST-03689,13,81.09,1038.81,month-to-month,bank_transfer,1,0
CUST-03690,29,103.98,2987.68,month-to-month,credit_card,5,1
CUST-03691,46,33.61,1486.77,month-to-month,bank_transfer,3,1
CUST-03692,15,39.48,601.78,two_year,electronic_check,2,0
CUST-03693,24,68.6,1661.5,one_year,mailed_check,4,1
CUST-03694,29,24.41,718.48,month-to-month,electronic_check,5,1
CUST-03695,47,61.56,2925.35,one_year,mailed_check,7,0
CUST-03696,23,98.82,2163.05,one_year,electronic_check,3,1
CUST-03697,30,34.87,1012.09,month-to-month,credit_card,1,1
CUST-03698,21,65.99,1339.54,month-to-month,bank_transfer,6,0
CUST-03699,55,118.98,6280.64,month-to-month,bank_transfer,2,0
CUST-03700,12,70.59,867.05,month-to-month,electronic_check,6,0
CUST-03701,17,69.83,1142.06,one_year,electronic_check,6,1
CUST-03702,18,75.88,1388.8,month-to-month,bank_transfer,0,0
CUST-03703,66,38.6,2465.69,one_year,mailed_check,3,0
CUST-03704,69,34.72,2304.0,one_year,credit_card,0,0
CUST-03705,37,87.74,3136.66,month-to-month,mailed_check,4,1
CUST-03706,12,59.58,715.52,two_year,electronic_check,6,0
CUST-03707,55,48.99,2733.69,month-to-month,bank_transfer,4,1
CUST-03708,36,23.14,858.99,one_year,bank_transfer,2,0
CUST-03709,62,104.61,6244.62,month-to-month,electronic_check,7,1
CUST-03710,26,23.23,611.07,one_year,bank_transfer,0,0
CUST-03711,72,95.0,7027.18,month-to-month,electronic_check,1,1
CUST-03712,59,58.2,3369.32,month-to-month,electronic_check,2,1
CUST-03713,17,79.87,1300.7,month-to-month,electronic_check,7,1
CUST-03714,53,44.77,2291.06,one_year,bank_transfer,7,0
CUST-03715,21,35.54,715.86,one_year,bank_transfer,4,0
CUST-03716,26,73.34,1980.64,one_year,electronic_check,7,1
CUST-03717,19,89.56,1680.69,month-to-month,credit_card,7,0
CUST-03718,50,39.55,1982.08,one_year,bank_transfer,4,0
CUST-03719,19,63.64,1241.57,one_year,mailed_check,0,0
CUST-03720,46,64.47,2927.31,month-to-month,electronic_check,7,1
CUST-03721,42,41.6,1773.16,month-to-month,electronic_check,5,1
CUST-03722,55,76.5,4029.65,month-to-month,electronic_check,1,0
CUST-03723,72,34.59,2485.98,two_year,credit_card,6,0
CUST-03724,1,70.97,68.11,month-to-month,credit_card,3,0
CUST-03725,72,31.34,2199.9,month-to-month,electronic_check,6,0
CUST-03726,8,68.55,537.1,two_year,mailed_check,2,0
CUST-03727,38,51.16,1986.38,two_year,electronic_check,0,0
CUST-03728,25,65.22,1659.01,month-to-month,electronic_check,3,1
CUST-03729,47,63.37,3052.22,two_year,electronic_check,3,0
CUST-03730,52,110.79,5508.77,month-to-month,electronic_check,6,0
CUST-03731,62,68.99,4488.88,two_year,electronic_check,0,0
CUST-03732,29,101.85,2822.04,month-to-month,electronic_check,7,1
CUST-03733,68,42.57,2988.72,month-to-month,mailed_check,1,0
CUST-03734,24,55.21,1356.83,two_year,mailed_check,7,0
CUST-03735,15,27.51,416.42,month-to-month,mailed_check,5,1
CUST-03736,28,62.07,1727.47,two_year,mailed_check,2,0
CUST-03737,39,86.87,3475.04,month-to-month,mailed_check,7,1
CUST-03738,49,103.82,5209.03,month-to-month,mailed_check,2,0
CUST-03739,60,76.59,4428.76,two_year,credit_card,5,1
CUST-03740,17,84.01,1469.92,month-to-month,electronic_check,0,1
CUST-03741,22,37.73,795.01,two_year,bank_transfer,0,1
CUST-03742,68,23.72,1613.09,two_year,electronic_check,2,0
CUST-03743,32,99.17,3219.44,month-to-month,mailed_check,1,0
CUST-03744,18,36.7,681.92,month-to-month,mailed_check,1,0
CUST-03745,71,29.12,2059.68,month-to-month,bank_transfer,3,1
CUST-03746,33,113.76,3655.17,month-to-month,credit_card,4,1
CUST-03747,71,116.35,8253.29,month-to-month,mailed_check,1,0
CUST-03748,67,81.63,5332.31,month-to-month,electronic_check,6,0
CUST-03749,66,57.86,3829.98,two_year,credit_card,6,0
CUST-03750,42,103.32,4323.34,month-to-month,electronic_check,6,1
CUST-03751,58,40.47,2413.22,one_year,mailed_check,1,0
CUST-03752,70,62.94,4291.24,month-to-month,credit_card,7,1
CUST-03753,20,55.7,1080.61,month-to-month,mailed_check,1,0
CUST-03754,3,111.27,332.95,month-to-month,mailed_check,0,1
CUST-03755,24,111.98,2566.67,month-to-month,electronic_check,5,1
CUST-03756,46,85.09,3808.14,one_year,electronic_check,6,1
CUST-03757,40,31.07,1224.78,month-to-month,credit_card,1,0
CUST-03758,6,68.22,408.81,two_year,electronic_check,3,1
CUST-03759,41,44.53,1783.75,two_year,electronic_check,3,0
CUST-03760,13,108.49,1418.94,month-to-month,mailed_check,5,1
CUST-03761,37,33.84,1299.47,two_year,mailed_check,4,1
CUST-03762,42,25.43,1072.77,two_year,electronic_check,4,1
CUST-03763,46,90.44,4071.69,month-to-month,electronic_check,0,1
CUST-03764,30,65.33,1874.01,two_year,mailed_check,7,0
CUST-03765,30,103.84,3001.91,month-to-month,mailed_check,4,1
CUST-03766,49,27.46,1353.92,one_year,credit_card,5,0
CUST-03767,54,100.11,5505.12,month-to-month,electronic_check,3,0
CUST-03768,59,23.73,1337.22,two_year,credit_card,1,0
CUST-03769,25,22.81,552.25,two_year,electronic_check,5,1
CUST-03770,31,66.13,2012.99,two_year,electronic_check,2,0
CUST-03771,24,42.13,992.88,two_year,credit_card,1,0
CUST-03772,38,79.37,3154.39,month-to-month,credit_card,4,1
CUST-03773,10,22.58,219.13,one_year,electronic_check,2,1
CUST-03774,31,23.54,697.78,month-to-month,mailed_check,7,1
CUST-03775,14,92.71,1278.93,month-to-month,credit_card,5,1
CUST-03776,39,41.02,1541.17,month-to-month,electronic_check,2,1
CUST-03777,62,85.64,5111.51,two_year,electronic_check,0,0
CUST-03778,71,94.99,6682.03,one_year,mailed_check,2,0
CUST-03779,33,25.93,839.22,month-to-month,credit_card,0,0
CUST-03780,5,96.98,465.08,two_year,mailed_check,1,1
CUST-03781,17,46.84,804.62,two_year,mailed_check,2,1
CUST-03782,8,58.95,471.72,month-to-month,credit_card,5,1
CUST-03783,55,28.66,1509.84,month-to-month,electronic_check,0,0
CUST-03784,71,103.86,7641.77,one_year,bank_transfer,1,0
CUST-03785,40,76.07,2977.41,one_year,electronic_check,0,0
CUST-03786,13,70.47,958.33,month-to-month,bank_transfer,7,1
CUST-03787,2,116.86,243.8,month-to-month,mailed_check,7,1
CUST-03788,71,53.45,3769.98,month-to-month,electronic_check,2,0
CUST-03789,23,109.08,2440.7,month-to-month,mailed_check,3,0
CUST-03790,9,91.97,855.44,month-to-month,credit_card,2,1
CUST-03791,13,112.85,1446.74,month-to-month,mailed_check,4,1
CUST-03792,19,110.78,2034.01,month-to-month,electronic_check,4,1
CUST-03793,48,119.1,5746.45,one_year,electronic_check,2,1
CUST-03794,65,33.17,2153.61,month-to-month,bank_transfer,5,1
CUST-03795,20,99.6,2061.76,month-to-month,bank_transfer,0,0
CUST-03796,50,100.45,5137.63,month-to-month,mailed_check,5,0
CUST-03797,5,84.44,438.07,two_year,electronic_check,6,0
CUST-03798,1,47.89,49.01,month-to-month,bank_transfer,0,1
CUST-03799,4,116.51,472.69,month-to-month,electronic_check,5,1
CUST-03800,67,40.44,2709.68,month-to-month,electronic_check,5,0
CUST-03801,42,69.96,3081.47,one_year,mailed_check,7,1
CUST-03802,58,72.15,4376.77,month-to-month,mailed_check,6,0
CUST-03803,2,36.18,74.89,month-to-month,credit_card,0,1
CUST-03804,2,92.25,189.59,two_year,bank_transfer,0,1
CUST-03805,62,28.89,1804.87,one_year,electronic_check,1,0
CUST-03806,8,89.31,697.31,month-to-month,credit_card,4,1
CUST-03807,12,104.86,1305.58,month-to-month,electronic_check,5,1
CUST-03808,38,54.94,1985.58,two_year,credit_card,5,0
CUST-03809,44,90.94,3892.39,two_year,electronic_check,2,0
CUST-03810,17,35.68,600.68,one_year,credit_card,1,0
CUST-03811,33,104.59,3481.37,one_year,credit_card,0,0
CUST-03812,49,115.2,5679.32,two_year,credit_card,2,0
CUST-03813,32,35.27,1092.03,two_year,electronic_check,2,0
CUST-03814,28,89.19,2398.52,month-to-month,credit_card,2,0
CUST-03815,6,70.58,411.74,two_year,bank_transfer,0,0
CUST-03816,33,73.15,2377.43,one_year,electronic_check,2,0
CUST-03817,58,90.65,5002.15,one_year,mailed_check,6,0
CUST-03818,46,68.87,3229.18,month-to-month,bank_transfer,1,0
CUST-03819,65,80.03,5070.89,month-to-month,credit_card,7,0
CUST-03820,10,43.09,424.5,two_year,bank_transfer,0,0
CUST-03821,1,57.85,56.9,one_year,mailed_check,5,0
CUST-03822,40,106.52,4266.0,month-to-month,bank_transfer,0,1
CUST-03823,13,30.99,417.37,one_year,electronic_check,3,1
CUST-03824,43,79.76,3309.33,month-to-month,mailed_check,7,0
CUST-03825,66,38.43,2495.9,month-to-month,credit_card,6,0
CUST-03826,25,104.65,2666.59,one_year,bank_transfer,4,0
CUST-03827,40,77.9,2974.15,one_year,bank_transfer,5,0
CUST-03828,50,60.3,3114.74,month-to-month,mailed_check,5,1
CUST-03829,11,44.98,517.66,month-to-month,mailed_check,6,1
CUST-03830,65,63.68,4184.05,month-to-month,bank_transfer,4,1
CUST-03831,15,115.76,1815.69,one_year,electronic_check,4,1
CUST-03832,59,70.92,4147.96,two_year,credit_card,0,0
CUST-03833,48,66.95,3186.24,one_year,credit_card,7,0
CUST-03834,11,94.63,999.92,one_year,credit_card,4,1
CUST-03835,53,57.9,2926.38,month-to-month,credit_card,2,0
CUST-03836,15,62.74,917.09,month-to-month,mailed_check,1,1
CUST-03837,44,53.69,2357.4,two_year,mailed_check,4,0
CUST-03838,70,35.09,2458.33,month-to-month,credit_card,6,1
CUST-03839,69,91.38,6127.21,month-to-month,electronic_check,6,0
CUST-03840,63,107.3,6836.35,month-to-month,credit_card,7,1
CUST-03841,36,110.56,3853.25,one_year,electronic_check,7,1
CUST-03842,41,108.08,4354.28,month-to-month,credit_card,4,0
CUST-03843,22,65.18,1390.29,month-to-month,mailed_check,7,1
CUST-03844,67,48.41,3307.03,one_year,credit_card,0,0
CUST-03845,35,83.79,2937.59,month-to-month,mailed_check,3,0
CUST-03846,56,115.47,6619.02,month-to-month,bank_transfer,3,0
CUST-03847,26,92.71,2303.61,two_year,credit_card,5,0
CUST-03848,54,69.48,3724.18,two_year,mailed_check,2,0
CUST-03849,17,88.88,1581.53,month-to-month,electronic_check,2,0
CUST-03850,53,97.25,4924.37,month-to-month,electronic_check,7,1
CUST-03851,4,111.93,444.05,month-to-month,bank_transfer,5,1
CUST-03852,8,96.32,735.16,month-to-month,bank_transfer,5,0
CUST-03853,26,63.32,1588.12,two_year,bank_transfer,1,1
CUST-03854,35,47.36,1651.41,one_year,electronic_check,4,0
CUST-03855,52,69.99,3514.74,month-to-month,electronic_check,3,0
CUST-03856,26,52.82,1375.84,one_year,credit_card,4,0
CUST-03857,2,114.28,238.21,month-to-month,bank_transfer,7,1
CUST-03858,24,70.8,1648.21,month-to-month,electronic_check,2,0
CUST-03859,32,67.21,2066.1,two_year,electronic_check,6,1
CUST-03860,40,54.82,2264.11,month-to-month,electronic_check,5,0
CUST-03861,47,83.94,3929.54,month-to-month,credit_card,3,1
CUST-03862,18,72.01,1345.68,two_year,bank_transfer,7,0
CUST-03863,44,32.9,1419.75,month-to-month,bank_transfer,1,1
CUST-03864,46,106.92,4981.08,month-to-month,bank_transfer,5,1
CUST-03865,56,55.9,3262.99,month-to-month,credit_card,3,0
CUST-03866,38,63.26,2324.88,month-to-month,electronic_check,5,0
CUST-03867,59,40.57,2465.41,month-to-month,electronic_check,1,0
CUST-03868,16,75.34,1221.29,month-to-month,mailed_check,5,0
CUST-03869,52,90.21,4837.48,month-to-month,credit_card,0,1
CUST-03870,4,108.12,418.22,month-to-month,mailed_check,2,1
CUST-03871,8,25.16,199.96,one_year,mailed_check,7,0
CUST-03872,63,117.33,7117.63,two_year,credit_card,5,0
CUST-03873,35,90.38,3308.9,one_year,electronic_check,3,0
CUST-03874,45,48.43,2084.04,one_year,mailed_check,2,0
CUST-03875,44,40.45,1702.36,two_year,bank_transfer,0,1
CUST-03876,51,49.61,2630.78,month-to-month,credit_card,0,0
CUST-03877,18,107.57,1897.73,month-to-month,electronic_check,5,0
CUST-03878,13,49.14,645.0,month-to-month,mailed_check,2,0
CUST-03879,4,66.28,259.49,month-to-month,credit_card,0,0
CUST-03880,63,90.57,5791.03,two_year,bank_transfer,3,0
CUST-03881,17,107.2,1766.34,month-to-month,bank_transfer,3,0
CUST-03882,42,85.86,3591.17,two_year,electronic_check,7,0
CUST-03883,33,95.31,3155.79,month-to-month,electronic_check,1,1
CUST-03884,12,37.33,440.54,month-to-month,mailed_check,2,1
CUST-03885,30,107.74,3151.97,month-to-month,electronic_check,1,0
CUST-03886,6,47.57,275.16,month-to-month,credit_card,1,0
CUST-03887,13,32.84,435.69,month-to-month,bank_transfer,4,1
CUST-03888,11,117.62,1250.95,one_year,credit_card,1,1
CUST-03889,60,40.16,2359.75,month-to-month,electronic_check,5,0
CUST-03890,41,33.67,1357.76,two_year,electronic_check,6,0
CUST-03891,67,82.6,5509.09,two_year,bank_transfer,3,0
CUST-03892,32,51.89,1694.0,month-to-month,electronic_check,1,0
CUST-03893,15,33.33,496.42,two_year,electronic_check,6,0
CUST-03894,44,80.11,3655.74,month-to-month,mailed_check,7,1
CUST-03895,67,95.9,6540.72,month-to-month,electronic_check,7,1
CUST-03896,39,99.32,4004.59,month-to-month,electronic_check,7,1
CUST-03897,2,35.55,72.64,one_year,electronic_check,6,1
CUST-03898,22,75.69,1606.6,month-to-month,credit_card,5,1
CUST-03899,67,101.37,7116.24,one_year,electronic_check,7,0
CUST-03900,38,36.11,1411.45,two_year,mailed_check,2,0
CUST-03901,69,40.77,2833.46,month-to-month,mailed_check,7,0
CUST-03902,37,20.24,723.85,two_year,mailed_check,0,0
CUST-03903,1,72.46,70.09,one_year,mailed_check,6,0
CUST-03904,63,39.47,2514.92,month-to-month,electronic_check,2,0
CUST-03905,55,92.42,5040.73,month-to-month,electronic_check,2,1
CUST-03906,52,116.22,6149.79,month-to-month,mailed_check,5,0
CUST-03907,70,40.88,2824.79,month-to-month,credit_card,1,0
CUST-03908,15,84.91,1275.28,one_year,mailed_check,7,0
CUST-03909,66,41.18,2633.29,month-to-month,mailed_check,5,1
CUST-03910,17,21.8,357.83,month-to-month,credit_card,0,1
CUST-03911,70,95.86,6425.14,one_year,bank_transfer,6,0
CUST-03912,14,63.4,915.98,one_year,bank_transfer,0,0
CUST-03913,40,114.68,4612.55,two_year,mailed_check,6,1
CUST-03914,57,73.43,4372.58,month-to-month,credit_card,6,1
CUST-03915,6,35.75,219.84,one_year,bank_transfer,5,0
CUST-03916,5,64.98,333.62,month-to-month,bank_transfer,4,1
CUST-03917,62,40.29,2500.19,one_year,bank_transfer,6,0
CUST-03918,5,107.8,556.02,month-to-month,mailed_check,6,1
CUST-03919,45,89.09,4186.29,month-to-month,credit_card,5,0
CUST-03920,68,54.12,3762.03,two_year,credit_card,1,0
CUST-03921,45,72.78,3146.01,one_year,bank_transfer,5,0
CUST-03922,35,86.95,3089.14,one_year,electronic_check,1,1
CUST-03923,31,98.29,2931.21,month-to-month,bank_transfer,0,1
CUST-03924,46,28.01,1234.19,one_year,electronic_check,1,0
CUST-03925,42,22.25,952.61,month-to-month,bank_transfer,3,0
CUST-03926,37,31.45,1202.43,month-to-month,electronic_check,7,1
CUST-03927,12,59.5,689.64,month-to-month,credit_card,0,1
CUST-03928,48,66.67,3063.91,month-to-month,credit_card,0,0
CUST-03929,54,33.65,1887.12,month-to-month,electronic_check,0,1
CUST-03930,52,61.12,3061.11,one_year,bank_transfer,1,0
CUST-03931,6,64.16,367.08,month-to-month,credit_card,4,0
CUST-03932,51,30.91,1611.2,two_year,electronic_check,6,0
CUST-03933,53,111.67,6124.09,two_year,electronic_check,0,0
CUST-03934,14,79.91,1120.42,month-to-month,mailed_check,6,1
CUST-03935,62,58.85,3663.49,one_year,credit_card,7,0
CUST-03936,38,70.69,2642.42,month-to-month,mailed_check,0,1
CUST-03937,35,51.42,1752.62,two_year,electronic_check,3,0
CUST-03938,53,105.43,5730.58,month-to-month,electronic_check,6,0
CUST-03939,37,77.5,2967.71,month-to-month,mailed_check,5,1
CUST-03940,40,69.49,2729.9,month-to-month,electronic_check,1,1
CUST-03941,23,111.09,2497.25,two_year,bank_transfer,1,0
CUST-03942,67,103.8,6792.98,month-to-month,electronic_check,3,1
CUST-03943,70,101.28,6771.0,two_year,bank_transfer,6,1
CUST-03944,10,42.56,416.29,month-to-month,bank_transfer,7,0
CUST-03945,53,35.31,1782.78,one_year,credit_card,3,0
CUST-03946,2,89.01,183.15,month-to-month,electronic_check,4,1
CUST-03947,27,66.86,1761.27,month-to-month,bank_transfer,4,0
CUST-03948,70,88.37,6303.62,month-to-month,bank_transfer,3,1
CUST-03949,13,96.06,1254.21,month-to-month,mailed_check,5,1
CUST-03950,28,49.53,1433.68,one_year,electronic_check,2,0
CUST-03951,16,48.47,811.14,one_year,electronic_check,4,1
CUST-03952,53,69.08,3612.82,month-to-month,bank_transfer,4,1
CUST-03953,34,47.35,1543.79,month-to-month,mailed_check,4,0
CUST-03954,43,86.73,3822.47,month-to-month,credit_card,7,1
CUST-03955,68,94.67,6129.59,one_year,credit_card,5,1
CUST-03956,38,67.2,2483.0,one_year,bank_transfer,5,0
CUST-03957,53,92.38,4677.4,two_year,credit_card,6,1
CUST-03958,8,71.04,590.98,two_year,bank_transfer,4,0
CUST-03959,16,91.29,1388.34,month-to-month,electronic_check,2,1
CUST-03960,69,42.5,2930.15,month-to-month,electronic_check,4,1
CUST-03961,62,93.88,5776.59,two_year,credit_card,7,0
CUST-03962,48,91.51,4459.69,month-to-month,mailed_check,7,1
CUST-03963,28,46.66,1279.03,month-to-month,credit_card,2,0
CUST-03964,15,75.6,1176.33,month-to-month,electronic_check,3,1
CUST-03965,62,105.53,6696.26,one_year,electronic_check,2,0
CUST-03966,57,44.95,2544.93,one_year,bank_transfer,0,1
CUST-03967,18,93.6,1660.84,two_year,credit_card,2,1
CUST-03968,43,115.4,5118.8,month-to-month,credit_card,0,1
CUST-03969,45,106.62,4921.43,month-to-month,electronic_check,2,1
CUST-03970,35,60.15,2084.06,month-to-month,mailed_check,0,0
CUST-03971,67,80.72,5322.5,one_year,bank_transfer,2,0
CUST-03972,9,119.18,1023.13,month-to-month,credit_card,5,0
CUST-03973,19,76.84,1398.96,two_year,electronic_check,6,0
CUST-03974,7,31.5,210.68,month-to-month,bank_transfer,7,1
CUST-03975,50,24.54,1168.79,one_year,electronic_check,4,0
CUST-03976,47,99.03,4492.91,two_year,bank_transfer,4,0
CUST-03977,72,62.36,4650.49,month-to-month,electronic_check,7,0
CUST-03978,40,44.68,1840.54,one_year,credit_card,4,0
CUST-03979,11,54.77,623.26,month-to-month,electronic_check,0,1
CUST-03980,33,95.74,3198.44,two_year,bank_transfer,7,0
CUST-03981,7,66.52,471.45,two_year,bank_transfer,4,1
CUST-03982,49,106.85,5038.75,one_year,electronic_check,5,0
CUST-03983,49,93.49,4672.28,month-to-month,electronic_check,0,1
CUST-03984,62,117.4,7118.77,two_year,bank_transfer,3,0
CUST-03985,25,108.85,2726.5,two_year,bank_transfer,3,1
CUST-03986,23,45.45,1093.0,one_year,bank_transfer,6,1
CUST-03987,6,85.91,534.54,two_year,bank_transfer,3,1
CUST-03988,30,22.05,643.98,month-to-month,electronic_check,2,1
CUST-03989,35,119.11,4267.53,month-to-month,credit_card,5,0
CUST-03990,55,46.1,2435.15,month-to-month,electronic_check,0,0
CUST-03991,55,86.48,4531.27,month-to-month,mailed_check,5,0
CUST-03992,11,104.92,1099.62,month-to-month,credit_card,0,1
CUST-03993,21,36.05,732.01,one_year,credit_card,1,0
CUST-03994,37,104.79,3952.74,month-to-month,electronic_check,3,0
CUST-03995,25,21.22,523.36,month-to-month,electronic_check,1,1
CUST-03996,2,64.2,122.18,one_year,bank_transfer,0,0
CUST-03997,61,67.2,4299.49,one_year,electronic_check,3,0
CUST-03998,53,57.41,3052.84,two_year,bank_transfer,5,1
CUST-03999,38,78.64,2956.55,month-to-month,mailed_check,1,1
CUST-04000,23,111.48,2568.97,two_year,electronic_check,2,0
CUST-04001,61,52.7,3221.05,month-to-month,mailed_check,5,1
CUST-04002,3,77.93,233.08,month-to-month,bank_transfer,7,1
CUST-04003,33,107.75,3595.79,one_year,bank_transfer,4,1
CUST-04004,58,97.3,5861.0,month-to-month,mailed_check,4,1
CUST-04005,69,24.07,1628.12,one_year,electronic_check,6,0
CUST-04006,19,114.28,2168.47,month-to-month,mailed_check,0,1
CUST-04007,47,24.66,1101.7,month-to-month,bank_transfer,7,1
CUST-04008,14,78.88,1143.99,month-to-month,bank_transfer,3,0
CUST-04009,9,77.54,684.27,month-to-month,credit_card,3,1
CUST-04010,26,98.64,2505.96,month-to-month,credit_card,4,1
CUST-04011,64,34.84,2340.99,month-to-month,mailed_check,7,1
CUST-04012,50,37.94,1912.86,month-to-month,credit_card,7,1
CUST-04013,36,95.21,3298.38,one_year,electronic_check,6,1
CUST-04014,21,34.95,716.75,month-to-month,mailed_check,3,0
CUST-04015,11,66.94,725.58,one_year,mailed_check,1,0
CUST-04016,20,93.16,1953.86,one_year,bank_transfer,1,0
CUST-04017,11,85.12,929.87,month-to-month,bank_transfer,6,0
CUST-04018,14,41.06,559.33,month-to-month,electronic_check,1,1
CUST-04019,50,50.4,2537.37,one_year,credit_card,3,0
CUST-04020,10,116.9,1157.84,two_year,credit_card,3,1
CUST-04021,4,64.87,247.92,month-to-month,credit_card,5,1
CUST-04022,40,24.45,1013.12,two_year,mailed_check,2,0
CUST-04023,21,41.96,838.45,month-to-month,credit_card,5,1
CUST-04024,33,54.24,1861.37,month-to-month,bank_transfer,4,1
CUST-04025,11,119.95,1357.95,month-to-month,bank_transfer,7,1
CUST-04026,16,50.27,770.19,month-to-month,mailed_check,1,1
CUST-04027,32,22.64,740.67,month-to-month,credit_card,6,0
CUST-04028,50,71.29,3661.19,month-to-month,bank_transfer,5,1
CUST-04029,30,28.36,859.52,month-to-month,bank_transfer,6,0
CUST-04030,40,47.41,1911.0,one_year,credit_card,3,0
CUST-04031,38,119.24,4327.02,month-to-month,electronic_check,2,1
CUST-04032,20,90.46,1729.58,two_year,bank_transfer,4,0
CUST-04033,21,25.07,538.36,two_year,electronic_check,7,1
CUST-04034,31,64.87,1931.61,month-to-month,mailed_check,1,0
CUST-04035,3,37.16,108.61,month-to-month,electronic_check,5,1
CUST-04036,50,32.29,1614.54,month-to-month,electronic_check,1,0
CUST-04037,45,78.71,3422.85,two_year,mailed_check,6,0
CUST-04038,23,70.57,1670.05,month-to-month,electronic_check,3,1
CUST-04039,27,94.29,2623.99,month-to-month,electronic_check,6,1
CUST-04040,24,109.23,2711.23,two_year,bank_transfer,1,1
CUST-04041,47,44.67,2004.84,month-to-month,electronic_check,0,1
CUST-04042,55,112.3,6131.91,month-to-month,electronic_check,7,1
CUST-04043,8,71.8,594.32,two_year,electronic_check,2,1
CUST-04044,30,45.88,1357.68,two_year,electronic_check,0,0
CUST-04045,1,104.58,106.63,month-to-month,electronic_check,6,1
CUST-04046,33,23.55,784.19,month-to-month,credit_card,3,0
CUST-04047,18,75.95,1346.23,month-to-month,mailed_check,7,0
CUST-04048,25,92.16,2252.54,month-to-month,mailed_check,3,1
CUST-04049,33,48.0,1608.12,month-to-month,mailed_check,6,0
CUST-04050,24,106.35,2458.87,month-to-month,electronic_check,4,0
CUST-04051,29,44.03,1322.81,one_year,bank_transfer,3,0
CUST-04052,56,103.99,5867.81,one_year,credit_card,3,0
CUST-04053,59,27.85,1579.57,two_year,electronic_check,2,0
CUST-04054,1,35.99,36.73,two_year,electronic_check,5,1
CUST-04055,28,58.1,1615.55,month-to-month,bank_transfer,4,0
CUST-04056,61,105.41,6239.47,month-to-month,electronic_check,0,0
CUST-04057,39,34.46,1405.85,month-to-month,electronic_check,3,0
CUST-04058,15,107.54,1648.59,month-to-month,bank_transfer,3,0
CUST-04059,43,42.97,1865.03,month-to-month,bank_transfer,7,0
CUST-04060,11,65.25,742.8,one_year,electronic_check,3,0
CUST-04061,2,55.27,111.03,month-to-month,credit_card,4,1
CUST-04062,46,31.81,1454.82,month-to-month,electronic_check,0,0
CUST-04063,38,114.43,4213.34,month-to-month,electronic_check,3,1
CUST-04064,55,63.82,3388.32,two_year,bank_transfer,2,0
CUST-04065,25,89.03,2210.69,one_year,bank_transfer,3,0
CUST-04066,62,77.53,4785.5,month-to-month,bank_transfer,7,0
CUST-04067,31,70.17,2226.07,month-to-month,bank_transfer,7,0
CUST-04068,54,81.66,4383.98,two_year,bank_transfer,2,0
CUST-04069,8,109.83,886.86,month-to-month,credit_card,4,0
CUST-04070,7,89.93,650.45,one_year,mailed_check,7,1
CUST-04071,57,73.25,4381.11,one_year,mailed_check,1,1
CUST-04072,61,84.52,5064.13,one_year,bank_transfer,3,0
CUST-04073,68,80.64,5703.89,month-to-month,electronic_check,4,1
CUST-04074,24,63.31,1566.0,two_year,bank_transfer,0,0
CUST-04075,2,82.48,157.83,month-to-month,electronic_check,3,1
CUST-04076,71,64.36,4493.57,month-to-month,mailed_check,0,1
CUST-04077,44,95.76,4095.12,month-to-month,bank_transfer,2,0
CUST-04078,18,116.89,2138.63,month-to-month,bank_transfer,0,0
CUST-04079,55,115.99,6414.54,month-to-month,electronic_check,5,0
CUST-04080,66,102.07,6733.39,one_year,mailed_check,6,1
CUST-04081,21,80.18,1728.07,two_year,credit_card,2,0
CUST-04082,56,94.93,5227.64,month-to-month,credit_card,0,0
CUST-04083,57,37.8,2129.61,two_year,mailed_check,3,0
CUST-04084,37,67.9,2604.23,two_year,electronic_check,0,0
CUST-04085,46,45.73,2202.94,month-to-month,mailed_check,3,0
CUST-04086,20,20.35,418.24,one_year,mailed_check,4,0
CUST-04087,67,116.67,7595.97,two_year,electronic_check,3,0
CUST-04088,71,106.38,7260.75,one_year,credit_card,4,0
CUST-04089,71,71.37,4919.91,month-to-month,mailed_check,4,0
CUST-04090,54,45.42,2433.48,two_year,mailed_check,1,0
CUST-04091,4,89.3,347.79,one_year,mailed_check,5,0
CUST-04092,27,63.48,1782.7,month-to-month,electronic_check,5,1
CUST-04093,33,100.33,3367.58,month-to-month,mailed_check,1,0
CUST-04094,70,119.95,8326.71,month-to-month,mailed_check,3,0
CUST-04095,40,54.91,2146.65,month-to-month,mailed_check,2,1
CUST-04096,39,44.44,1712.49,month-to-month,bank_transfer,3,0
CUST-04097,11,46.74,512.89,month-to-month,mailed_check,6,1
CUST-04098,58,29.33,1737.79,two_year,bank_transfer,4,0
CUST-04099,25,59.4,1424.13,one_year,credit_card,7,1
CUST-04100,7,21.74,157.51,month-to-month,mailed_check,4,1
CUST-04101,72,31.44,2179.34,month-to-month,mailed_check,0,0
CUST-04102,14,47.17,644.69,month-to-month,credit_card,5,1
CUST-04103,2,35.99,75.53,month-to-month,mailed_check,0,1
CUST-04104,6,93.22,541.97,one_year,mailed_check,2,0
CUST-04105,33,30.56,968.27,month-to-month,credit_card,7,1
CUST-04106,8,106.6,864.6,two_year,bank_transfer,7,0
CUST-04107,61,42.11,2541.35,month-to-month,credit_card,1,0
CUST-04108,37,30.86,1095.18,month-to-month,mailed_check,7,1
CUST-04109,24,21.01,479.23,two_year,mailed_check,7,0
CUST-04110,1,91.52,87.67,month-to-month,electronic_check,7,1
CUST-04111,35,45.66,1601.79,month-to-month,electronic_check,6,1
CUST-04112,11,70.95,759.45,month-to-month,mailed_check,0,1
CUST-04113,71,31.16,2273.88,one_year,electronic_check,0,0
CUST-04114,21,118.53,2578.11,month-to-month,mailed_check,4,1
CUST-04115,35,32.54,1098.4,two_year,electronic_check,0,0
CUST-04116,2,61.19,120.39,one_year,electronic_check,2,1
CUST-04117,10,105.16,1014.48,two_year,mailed_check,7,1
CUST-04118,15,44.49,653.1,one_year,bank_transfer,7,1
CUST-04119,4,46.7,181.92,one_year,electronic_check,2,0
CUST-04120,53,100.85,5498.38,one_year,bank_transfer,4,1
CUST-04121,69,47.33,3215.58,month-to-month,electronic_check,4,0
CUST-04122,71,20.29,1439.75,one_year,electronic_check,2,0
CUST-04123,20,62.79,1277.67,one_year,credit_card,1,0
CUST-04124,57,21.25,1250.49,month-to-month,credit_card,3,0
CUST-04125,37,110.98,4024.6,one_year,mailed_check,4,0
CUST-04126,4,84.18,326.93,month-to-month,mailed_check,6,1
CUST-04127,7,78.3,574.33,month-to-month,credit_card,6,0
CUST-04128,40,40.16,1577.47,month-to-month,mailed_check,0,1
CUST-04129,31,89.99,2837.56,month-to-month,electronic_check,5,0
CUST-04130,1,87.73,89.29,month-to-month,electronic_check,4,1
CUST-04131,67,26.05,1747.55,month-to-month,electronic_check,0,0
CUST-04132,53,108.08,5572.93,month-to-month,bank_transfer,6,0
CUST-04133,37,77.94,2780.43,month-to-month,bank_transfer,4,1
CUST-04134,72,99.25,7136.48,one_year,electronic_check,5,0
CUST-04135,70,46.29,3243.94,month-to-month,electronic_check,5,0
CUST-04136,71,32.2,2349.05,two_year,electronic_check,2,0
CUST-04137,19,90.24,1750.63,two_year,bank_transfer,1,1
CUST-04138,64,99.39,6622.94,month-to-month,credit_card,3,1
CUST-04139,37,58.6,2270.42,month-to-month,mailed_check,6,0
CUST-04140,53,22.37,1212.58,month-to-month,bank_transfer,5,1
CUST-04141,62,101.83,6045.82,month-to-month,electronic_check,5,1
CUST-04142,12,40.61,482.69,month-to-month,bank_transfer,1,1
CUST-04143,33,53.9,1798.16,one_year,mailed_check,0,0
CUST-04144,10,82.82,835.7,one_year,electronic_check,5,1
CUST-04145,21,30.0,609.84,month-to-month,mailed_check,7,1
CUST-04146,30,27.2,822.76,one_year,credit_card,2,0
CUST-04147,62,22.57,1378.33,month-to-month,electronic_check,3,0
CUST-04148,63,111.66,6921.52,two_year,mailed_check,7,1
CUST-04149,29,51.14,1532.54,two_year,credit_card,1,0
CUST-04150,24,86.07,2049.46,month-to-month,credit_card,4,1
CUST-04151,39,118.92,4650.72,one_year,mailed_check,0,0
CUST-04152,66,86.95,5774.45,two_year,electronic_check,2,0
CUST-04153,71,72.51,5180.6,month-to-month,credit_card,2,1
CUST-04154,17,72.09,1190.41,month-to-month,electronic_check,5,1
CUST-04155,14,57.69,815.72,one_year,electronic_check,2,1
CUST-04156,51,79.98,4011.42,month-to-month,electronic_check,3,1
CUST-04157,22,115.88,2588.86,month-to-month,mailed_check,2,1
CUST-04158,15,98.8,1429.56,one_year,bank_transfer,1,0
CUST-04159,3,62.42,196.52,month-to-month,credit_card,6,1
CUST-04160,30,53.24,1640.79,month-to-month,mailed_check,5,1
CUST-04161,29,108.35,3116.24,two_year,credit_card,5,0
CUST-04162,41,33.58,1349.37,month-to-month,bank_transfer,4,1
CUST-04163,15,104.96,1556.71,month-to-month,bank_transfer,1,0
CUST-04164,52,45.51,2418.75,one_year,electronic_check,4,0
CUST-04165,49,91.56,4556.31,month-to-month,electronic_check,5,1
CUST-04166,34,100.62,3490.29,one_year,bank_transfer,3,0
CUST-04167,14,67.7,984.66,one_year,bank_transfer,5,1
CUST-04168,37,39.23,1445.11,month-to-month,electronic_check,2,0
CUST-04169,49,104.48,5206.15,month-to-month,mailed_check,4,0
CUST-04170,27,56.75,1523.31,two_year,mailed_check,3,0
CUST-04171,19,52.07,1002.95,two_year,mailed_check,7,1
CUST-04172,37,71.0,2620.45,month-to-month,electronic_check,1,0
CUST-04173,26,63.51,1696.91,month-to-month,electronic_check,2,0
CUST-04174,29,88.31,2434.16,month-to-month,electronic_check,5,0
CUST-04175,26,33.72,851.79,two_year,credit_card,0,0
CUST-04176,22,63.57,1370.05,two_year,credit_card,4,0
CUST-04177,52,109.17,5929.69,month-to-month,electronic_check,0,0
CUST-04178,34,23.61,803.18,two_year,electronic_check,4,1
CUST-04179,34,65.73,2204.63,month-to-month,mailed_check,2,0
CUST-04180,48,86.05,4091.03,month-to-month,electronic_check,1,0
CUST-04181,27,108.77,2922.67,one_year,credit_card,3,0
CUST-04182,8,79.38,658.39,month-to-month,mailed_check,2,0
CUST-04183,62,102.45,6645.47,one_year,credit_card,0,0
CUST-04184,5,42.27,218.62,month-to-month,electronic_check,4,1
CUST-04185,42,55.28,2401.13,one_year,credit_card,4,1
CUST-04186,20,114.21,2215.51,two_year,bank_transfer,5,0
CUST-04187,16,108.6,1697.37,month-to-month,bank_transfer,7,1
CUST-04188,4,75.8,306.09,month-to-month,credit_card,5,1
CUST-04189,65,67.55,4459.23,one_year,mailed_check,6,0
CUST-04190,31,65.11,1958.31,month-to-month,electronic_check,5,1
CUST-04191,25,25.88,662.91,one_year,mailed_check,5,0
CUST-04192,54,109.24,5721.85,one_year,credit_card,6,0
CUST-04193,3,101.81,298.21,month-to-month,credit_card,5,1
CUST-04194,41,65.63,2638.65,two_year,mailed_check,4,1
CUST-04195,36,47.94,1785.7,month-to-month,bank_transfer,5,0
CUST-04196,40,54.29,2222.08,month-to-month,electronic_check,7,1
CUST-04197,9,32.32,291.74,month-to-month,electronic_check,3,0
CUST-04198,69,92.18,6563.72,one_year,bank_transfer,1,0
CUST-04199,18,75.67,1404.63,two_year,mailed_check,3,0
CUST-04200,49,43.41,2103.67,month-to-month,electronic_check,0,0
CUST-04201,54,82.3,4569.31,month-to-month,bank_transfer,2,1
CUST-04202,25,117.92,2861.47,month-to-month,mailed_check,7,1
CUST-04203,10,32.24,322.5,one_year,mailed_check,0,1
CUST-04204,22,65.85,1393.36,month-to-month,electronic_check,7,0
CUST-04205,59,69.42,4065.56,month-to-month,electronic_check,4,0
CUST-04206,66,36.68,2425.79,month-to-month,bank_transfer,2,0
CUST-04207,68,73.16,4765.77,month-to-month,credit_card,3,0
CUST-04208,17,80.6,1365.04,one_year,electronic_check,7,0
CUST-04209,44,35.73,1596.16,month-to-month,credit_card,0,1
CUST-04210,11,35.47,394.65,month-to-month,bank_transfer,4,1
CUST-04211,52,105.63,5248.22,month-to-month,credit_card,2,0
CUST-04212,30,51.14,1472.08,month-to-month,bank_transfer,4,1
CUST-04213,52,83.03,4253.55,month-to-month,mailed_check,6,0
CUST-04214,50,82.68,4275.53,month-to-month,bank_transfer,7,1
CUST-04215,72,103.92,7758.68,month-to-month,mailed_check,2,0
CUST-04216,36,93.99,3319.2,month-to-month,electronic_check,5,1
CUST-04217,25,104.06,2658.38,month-to-month,mailed_check,3,1
CUST-04218,38,82.52,3160.08,one_year,mailed_check,4,1
CUST-04219,12,64.95,817.02,month-to-month,mailed_check,1,0
CUST-04220,9,59.36,512.56,month-to-month,credit_card,6,1
CUST-04221,38,57.9,2210.85,one_year,mailed_check,1,0
CUST-04222,60,61.84,3744.69,month-to-month,electronic_check,0,0
CUST-04223,39,32.93,1259.6,month-to-month,credit_card,6,1
CUST-04224,57,62.4,3395.43,two_year,electronic_check,3,0
CUST-04225,13,58.94,731.96,month-to-month,electronic_check,0,1
CUST-04226,33,23.46,770.5,two_year,credit_card,5,0
CUST-04227,45,47.51,2179.24,month-to-month,credit_card,2,0
CUST-04228,26,95.19,2524.5,two_year,bank_transfer,7,0
CUST-04229,2,77.79,150.63,two_year,mailed_check,7,0
CUST-04230,6,100.62,625.31,month-to-month,mailed_check,4,1
CUST-04231,67,74.27,4914.89,month-to-month,credit_card,3,0
CUST-04232,44,105.41,4853.34,one_year,credit_card,3,0
CUST-04233,20,99.61,1916.07,month-to-month,electronic_check,4,0
CUST-04234,19,29.83,585.81,month-to-month,credit_card,7,0
CUST-04235,3,117.7,367.52,two_year,bank_transfer,5,1
CUST-04236,69,21.47,1529.57,one_year,electronic_check,0,0
CUST-04237,8,79.68,657.16,two_year,electronic_check,1,0
CUST-04238,55,99.25,5383.11,two_year,electronic_check,5,0
CUST-04239,18,53.19,977.84,two_year,credit_card,2,0
CUST-04240,25,79.86,2012.27,one_year,mailed_check,3,1
CUST-04241,20,56.21,1115.75,one_year,bank_transfer,3,0
CUST-04242,60,26.06,1640.8,two_year,electronic_check,4,1
CUST-04243,3,20.85,61.23,one_year,credit_card,1,0
CUST-04244,26,29.49,759.98,month-to-month,mailed_check,0,0
CUST-04245,21,29.84,651.91,one_year,credit_card,1,0
CUST-04246,20,81.09,1587.56,month-to-month,mailed_check,5,1
CUST-04247,14,72.59,980.92,two_year,bank_transfer,4,1
CUST-04248,66,65.55,4243.86,one_year,bank_transfer,6,0
CUST-04249,28,89.19,2562.14,one_year,mailed_check,0,0
CUST-04250,31,21.68,696.35,month-to-month,credit_card,1,0
CUST-04251,28,47.1,1267.91,month-to-month,mailed_check,1,1
CUST-04252,71,97.74,7023.95,month-to-month,credit_card,4,1
CUST-04253,25,111.0,2793.61,one_year,electronic_check,4,0
CUST-04254,25,63.83,1622.78,one_year,bank_transfer,1,0
CUST-04255,24,28.15,687.12,month-to-month,credit_card,3,1
CUST-04256,24,99.87,2507.08,month-to-month,credit_card,0,1
CUST-04257,7,108.52,747.96,month-to-month,mailed_check,4,0
CUST-04258,44,61.37,2646.04,month-to-month,mailed_check,4,1
CUST-04259,2,44.34,89.39,two_year,credit_card,0,1
CUST-04260,17,24.4,411.82,two_year,electronic_check,0,0
CUST-04261,15,79.11,1183.51,one_year,credit_card,5,0
CUST-04262,21,110.99,2230.34,month-to-month,electronic_check,7,1
CUST-04263,55,87.79,4658.54,month-to-month,electronic_check,6,0
CUST-04264,44,51.72,2374.98,two_year,bank_transfer,4,1
CUST-04265,72,84.29,5806.8,two_year,mailed_check,4,0
CUST-04266,26,103.21,2707.57,month-to-month,mailed_check,6,1
CUST-04267,67,67.58,4643.33,one_year,electronic_check,6,0
CUST-04268,4,101.97,387.99,month-to-month,credit_card,7,0
CUST-04269,37,59.19,2129.35,month-to-month,bank_transfer,3,0
CUST-04270,58,54.85,3142.23,two_year,credit_card,3,1
CUST-04271,39,78.3,3055.74,two_year,mailed_check,0,0
CUST-04272,68,66.47,4448.27,two_year,mailed_check,1,0
CUST-04273,23,117.71,2747.7,month-to-month,electronic_check,3,1
CUST-04274,3,71.64,209.04,month-to-month,mailed_check,6,1
CUST-04275,56,58.52,3121.47,two_year,electronic_check,3,0
CUST-04276,5,59.49,282.64,one_year,electronic_check,4,0
CUST-04277,56,74.79,4123.76,month-to-month,mailed_check,6,1
CUST-04278,53,55.49,2900.35,month-to-month,bank_transfer,3,0
CUST-04279,61,92.29,5882.28,month-to-month,mailed_check,2,0
CUST-04280,35,58.07,1939.81,one_year,mailed_check,5,1
CUST-04281,65,58.41,3808.35,two_year,mailed_check,2,1
CUST-04282,13,81.7,1070.33,month-to-month,mailed_check,3,1
CUST-04283,32,26.08,851.34,month-to-month,bank_transfer,7,1
CUST-04284,9,85.54,780.5,month-to-month,credit_card,3,0
CUST-04285,56,70.5,3753.67,one_year,credit_card,2,0
CUST-04286,52,65.3,3440.51,month-to-month,electronic_check,6,1
CUST-04287,59,91.93,5327.26,month-to-month,mailed_check,5,0
CUST-04288,56,95.83,5512.66,one_year,credit_card,6,0
CUST-04289,23,104.63,2331.41,month-to-month,credit_card,2,1
CUST-04290,5,57.48,293.62,one_year,mailed_check,6,1
CUST-04291,67,52.7,3575.47,one_year,mailed_check,7,0
CUST-04292,36,91.43,3341.76,month-to-month,bank_transfer,1,0
CUST-04293,7,78.18,529.53,one_year,credit_card,1,0
CUST-04294,67,83.18,5667.35,one_year,mailed_check,4,1
CUST-04295,72,75.55,5568.68,one_year,electronic_check,5,0
CUST-04296,33,97.27,3206.49,one_year,credit_card,0,0
CUST-04297,56,39.0,2149.36,month-to-month,bank_transfer,4,0
CUST-04298,3,75.57,219.15,month-to-month,electronic_check,1,0
CUST-04299,7,35.81,245.41,month-to-month,electronic_check,7,1
CUST-04300,20,60.73,1246.55,month-to-month,mailed_check,5,1
CUST-04301,48,86.4,4109.6,month-to-month,bank_transfer,7,0
CUST-04302,10,69.31,707.12,month-to-month,bank_transfer,1,0
CUST-04303,3,57.96,178.05,one_year,electronic_check,6,1
CUST-04304,49,108.5,5408.95,month-to-month,electronic_check,3,1
CUST-04305,56,97.28,5542.36,two_year,bank_transfer,0,0
CUST-04306,54,72.63,3965.43,one_year,electronic_check,3,0
CUST-04307,58,115.01,6682.6,month-to-month,mailed_check,3,0
CUST-04308,58,62.44,3511.89,one_year,mailed_check,4,0
CUST-04309,44,98.81,4496.56,month-to-month,electronic_check,6,0
CUST-04310,38,36.79,1463.07,two_year,credit_card,2,0
CUST-04311,62,48.58,3001.82,two_year,electronic_check,5,0
CUST-04312,26,53.81,1459.63,two_year,bank_transfer,1,0
CUST-04313,8,30.58,256.84,one_year,bank_transfer,7,0
CUST-04314,55,70.18,3854.6,two_year,mailed_check,3,0
CUST-04315,20,39.23,802.12,one_year,credit_card,6,0
CUST-04316,71,83.42,6007.88,two_year,electronic_check,2,0
CUST-04317,30,39.01,1139.53,month-to-month,credit_card,2,0
CUST-04318,62,32.35,1914.9,two_year,electronic_check,7,0
CUST-04319,4,116.91,465.45,one_year,credit_card,1,1
CUST-04320,48,85.82,4237.87,month-to-month,electronic_check,4,1
CUST-04321,33,113.65,3684.71,two_year,mailed_check,2,0
CUST-04322,34,68.99,2412.34,one_year,electronic_check,3,0
CUST-04323,20,23.34,474.03,two_year,mailed_check,5,0
CUST-04324,70,77.44,5526.59,month-to-month,electronic_check,6,1
CUST-04325,29,75.83,2152.03,one_year,electronic_check,3,0
CUST-04326,62,21.5,1328.86,one_year,electronic_check,5,0
CUST-04327,31,106.12,3185.14,month-to-month,electronic_check,0,1
CUST-04328,4,82.0,319.68,one_year,bank_transfer,1,0
CUST-04329,64,94.47,5798.05,one_year,mailed_check,5,0
CUST-04330,14,69.39,935.23,month-to-month,electronic_check,5,1
CUST-04331,20,81.84,1589.42,one_year,credit_card,0,0
CUST-04332,62,45.75,2859.07,month-to-month,bank_transfer,7,1
CUST-04333,65,117.38,7584.57,two_year,electronic_check,3,0
CUST-04334,67,60.07,3931.02,two_year,mailed_check,2,0
CUST-04335,31,36.23,1163.77,month-to-month,mailed_check,3,1
CUST-04336,55,25.59,1411.07,month-to-month,mailed_check,3,0
CUST-04337,24,83.62,2091.72,month-to-month,credit_card,4,0
CUST-04338,54,118.34,6476.5,month-to-month,bank_transfer,1,0
CUST-04339,37,109.58,3858.12,two_year,credit_card,1,1
CUST-04340,4,90.21,375.76,month-to-month,bank_transfer,7,1
CUST-04341,31,119.06,3822.79,month-to-month,credit_card,5,1
CUST-04342,34,92.28,3180.06,month-to-month,mailed_check,2,1
CUST-04343,19,53.93,1028.14,one_year,bank_transfer,6,0
CUST-04344,27,80.12,2153.11,two_year,bank_transfer,6,0
CUST-04345,37,27.98,1033.29,month-to-month,bank_transfer,5,1
CUST-04346,4,42.17,173.21,month-to-month,electronic_check,5,1
CUST-04347,11,61.75,680.19,month-to-month,electronic_check,7,1
CUST-04348,56,40.18,2177.28,month-to-month,electronic_check,6,0
CUST-04349,26,115.35,2866.6,month-to-month,electronic_check,2,0
CUST-04350,44,119.56,5063.98,one_year,credit_card,5,0
CUST-04351,41,57.09,2282.65,month-to-month,bank_transfer,1,0
CUST-04352,40,90.92,3588.81,month-to-month,electronic_check,4,1
CUST-04353,30,60.78,1894.86,one_year,mailed_check,0,0
CUST-04354,35,33.95,1157.28,one_year,electronic_check,1,0
CUST-04355,60,53.69,3163.44,month-to-month,credit_card,5,1
CUST-04356,70,43.34,2949.58,month-to-month,credit_card,2,0
CUST-04357,19,52.81,1007.94,one_year,electronic_check,1,1
CUST-04358,49,41.5,2057.42,month-to-month,mailed_check,7,1
CUST-04359,70,31.23,2193.44,two_year,credit_card,7,0
CUST-04360,1,41.74,43.63,two_year,bank_transfer,1,1
CUST-04361,57,110.58,6615.04,two_year,credit_card,4,1
CUST-04362,36,28.52,1061.44,month-to-month,mailed_check,2,0
CUST-04363,70,52.48,3785.44,month-to-month,electronic_check,6,0
CUST-04364,42,72.84,3018.51,two_year,bank_transfer,5,0
CUST-04365,61,55.45,3409.51,month-to-month,electronic_check,3,0
CUST-04366,12,71.76,848.34,month-to-month,credit_card,7,0
CUST-04367,11,24.34,275.38,one_year,bank_transfer,5,0
CUST-04368,67,84.86,5498.84,month-to-month,electronic_check,1,1
CUST-04369,38,76.35,2819.02,one_year,mailed_check,3,1
CUST-04370,41,88.1,3445.34,two_year,credit_card,6,0
CUST-04371,13,76.73,1008.3,one_year,credit_card,4,0
CUST-04372,17,63.79,1104.88,month-to-month,mailed_check,0,0
CUST-04373,59,55.01,3084.63,two_year,bank_transfer,6,0
CUST-04374,22,42.64,939.17,one_year,electronic_check,3,1
CUST-04375,43,70.01,2973.23,month-to-month,credit_card,1,1
CUST-04376,23,22.61,535.12,one_year,bank_transfer,6,0
CUST-04377,19,52.82,957.38,month-to-month,electronic_check,7,1
CUST-04378,12,87.79,1005.89,month-to-month,bank_transfer,4,1
CUST-04379,67,30.87,2093.27,one_year,bank_transfer,5,0
CUST-04380,68,26.29,1804.04,month-to-month,bank_transfer,1,0
CUST-04381,9,85.22,792.35,month-to-month,mailed_check,5,0
CUST-04382,26,59.78,1568.55,one_year,bank_transfer,7,1
CUST-04383,41,100.18,4292.06,month-to-month,credit_card,1,1
CUST-04384,28,113.73,3125.36,month-to-month,mailed_check,7,1
CUST-04385,52,115.7,5955.19,month-to-month,electronic_check,0,0
CUST-04386,19,62.56,1245.4,one_year,credit_card,3,0
CUST-04387,5,46.43,223.05,two_year,bank_transfer,0,0
CUST-04388,25,80.86,2081.35,month-to-month,mailed_check,3,1
CUST-04389,44,82.82,3466.06,one_year,credit_card,5,0
CUST-04390,14,82.23,1149.73,month-to-month,electronic_check,6,1
CUST-04391,59,52.18,2971.79,month-to-month,credit_card,1,0
CUST-04392,1,26.38,26.64,month-to-month,mailed_check,7,1
CUST-04393,5,41.0,211.11,month-to-month,electronic_check,7,1
CUST-04394,37,35.44,1250.12,month-to-month,credit_card,0,1
CUST-04395,37,32.39,1158.14,one_year,bank_transfer,7,0
CUST-04396,22,112.63,2438.82,one_year,electronic_check,7,1
CUST-04397,19,21.38,396.39,two_year,credit_card,0,0
CUST-04398,6,80.19,475.5,two_year,credit_card,0,0
CUST-04399,48,114.75,5756.76,month-to-month,credit_card,5,1
CUST-04400,28,56.01,1505.61,month-to-month,electronic_check,3,1
CUST-04401,9,72.71,649.37,month-to-month,electronic_check,2,1
CUST-04402,29,89.58,2586.63,month-to-month,bank_transfer,3,1
CUST-04403,68,51.72,3439.51,two_year,credit_card,2,0
CUST-04404,19,67.77,1259.02,month-to-month,electronic_check,7,0
CUST-04405,65,101.71,6753.14,month-to-month,mailed_check,1,1
CUST-04406,19,94.54,1817.34,month-to-month,electronic_check,0,1
CUST-04407,14,100.84,1456.0,two_year,mailed_check,6,0
CUST-04408,19,118.73,2234.53,month-to-month,bank_transfer,6,1
CUST-04409,24,57.03,1383.39,one_year,electronic_check,7,0
CUST-04410,9,94.71,885.93,month-to-month,bank_transfer,7,1
CUST-04411,43,80.28,3573.25,month-to-month,bank_transfer,0,1
CUST-04412,25,86.66,2257.51,month-to-month,mailed_check,6,1
CUST-04413,52,93.99,4774.43,one_year,credit_card,2,0
CUST-04414,36,94.97,3585.0,one_year,electronic_check,3,0
CUST-04415,32,108.57,3584.31,month-to-month,electronic_check,3,1
CUST-04416,34,54.93,1922.75,month-to-month,mailed_check,7,0
CUST-04417,12,85.35,1041.34,month-to-month,mailed_check,4,1
CUST-04418,52,48.03,2618.21,month-to-month,electronic_check,1,1
CUST-04419,8,79.46,631.94,month-to-month,credit_card,0,0
CUST-04420,52,95.12,5065.58,month-to-month,electronic_check,4,1
CUST-04421,72,99.1,7277.06,one_year,electronic_check,6,0
CUST-04422,56,62.01,3553.29,two_year,credit_card,5,1
CUST-04423,33,70.87,2397.59,one_year,credit_card,7,1
CUST-04424,23,53.38,1189.88,one_year,mailed_check,0,0
CUST-04425,63,36.9,2289.83,two_year,electronic_check,3,0
CUST-04426,19,46.05,865.56,two_year,mailed_check,4,0
CUST-04427,35,111.21,3989.01,month-to-month,electronic_check,6,1
CUST-04428,56,50.9,2911.87,month-to-month,mailed_check,2,0
CUST-04429,67,117.48,8133.28,month-to-month,bank_transfer,5,0
CUST-04430,67,44.15,3043.24,two_year,mailed_check,1,0
CUST-04431,7,92.31,652.35,month-to-month,mailed_check,4,1
CUST-04432,65,77.39,4849.25,month-to-month,bank_transfer,6,1
CUST-04433,9,89.69,818.12,month-to-month,electronic_check,6,1
CUST-04434,43,84.4,3769.48,one_year,electronic_check,3,0
CUST-04435,67,90.67,6162.2,one_year,credit_card,3,0
CUST-04436,48,110.55,5516.57,one_year,electronic_check,7,0
CUST-04437,69,76.35,5530.84,one_year,electronic_check,4,0
CUST-04438,25,26.78,660.19,two_year,electronic_check,2,1
CUST-04439,23,47.08,1107.08,month-to-month,mailed_check,2,0
CUST-04440,24,90.82,2188.44,two_year,bank_transfer,5,0
CUST-04441,26,69.41,1796.47,one_year,mailed_check,5,0
CUST-04442,50,74.86,3645.4,month-to-month,mailed_check,4,1
CUST-04443,33,79.66,2561.92,two_year,mailed_check,1,1
CUST-04444,54,58.26,3047.08,two_year,electronic_check,1,0
CUST-04445,30,97.39,2960.1,two_year,credit_card,1,0
CUST-04446,23,92.35,2048.1,two_year,credit_card,0,1
CUST-04447,14,91.43,1271.24,month-to-month,mailed_check,3,1
CUST-04448,40,91.53,3669.78,month-to-month,mailed_check,3,0
CUST-04449,65,109.04,7043.55,month-to-month,credit_card,3,0
CUST-04450,62,79.54,5106.47,two_year,electronic_check,7,0
CUST-04451,19,116.71,2204.84,two_year,electronic_check,1,0
CUST-04452,35,31.92,1070.57,two_year,credit_card,6,0
CUST-04453,51,83.2,4451.83,two_year,electronic_check,1,0
CUST-04454,45,91.69,4268.52,one_year,electronic_check,4,1
CUST-04455,5,67.72,344.03,month-to-month,mailed_check,6,1
CUST-04456,43,48.82,2153.11,month-to-month,bank_transfer,6,1
CUST-04457,3,75.0,216.65,month-to-month,bank_transfer,4,1
CUST-04458,9,56.47,521.79,one_year,electronic_check,1,1
CUST-04459,48,110.91,5168.21,month-to-month,bank_transfer,3,0
CUST-04460,8,55.68,444.94,two_year,electronic_check,3,1
CUST-04461,25,37.57,909.02,one_year,credit_card,6,0
CUST-04462,43,77.64,3423.2,month-to-month,electronic_check,3,0
CUST-04463,48,59.6,2788.08,two_year,electronic_check,6,0
CUST-04464,33,29.59,952.37,one_year,mailed_check,7,0
CUST-04465,7,76.48,514.47,one_year,electronic_check,0,0
CUST-04466,58,73.78,4373.92,month-to-month,bank_transfer,7,1
CUST-04467,69,37.32,2522.49,month-to-month,electronic_check,4,1
CUST-04468,64,79.76,5114.22,month-to-month,mailed_check,4,0
CUST-04469,54,76.74,4074.22,month-to-month,electronic_check,2,0
CUST-04470,29,97.36,2901.04,one_year,mailed_check,2,0
CUST-04471,64,56.16,3495.74,two_year,electronic_check,4,0
CUST-04472,36,44.88,1686.75,two_year,electronic_check,1,1
CUST-04473,10,115.12,1130.65,month-to-month,electronic_check,5,1
CUST-04474,62,76.12,4532.58,two_year,credit_card,5,0
CUST-04475,24,22.71,530.98,month-to-month,bank_transfer,0,1
CUST-04476,68,102.07,6645.12,month-to-month,electronic_check,1,1
CUST-04477,27,39.68,1067.9,one_year,electronic_check,4,0
CUST-04478,63,98.6,6056.88,two_year,electronic_check,5,0
CUST-04479,39,90.52,3666.41,two_year,electronic_check,2,0
CUST-04480,34,116.88,3980.77,two_year,mailed_check,7,0
CUST-04481,22,116.56,2495.9,month-to-month,mailed_check,4,1
CUST-04482,61,47.44,2879.8,month-to-month,credit_card,4,0
CUST-04483,5,96.64,468.53,month-to-month,credit_card,0,1
CUST-04484,34,51.69,1700.85,one_year,electronic_check,5,0
CUST-04485,27,82.92,2194.2,month-to-month,electronic_check,6,1
CUST-04486,40,79.77,3065.99,month-to-month,electronic_check,1,0
CUST-04487,19,25.45,468.57,month-to-month,electronic_check,4,1
CUST-04488,48,20.52,1028.01,one_year,mailed_check,0,0
CUST-04489,28,25.78,733.78,one_year,electronic_check,1,0
CUST-04490,14,32.79,478.45,month-to-month,electronic_check,0,1
CUST-04491,15,45.77,669.79,month-to-month,electronic_check,6,1
CUST-04492,51,110.7,5847.02,one_year,bank_transfer,7,1
CUST-04493,19,71.86,1346.6,one_year,electronic_check,0,0
CUST-04494,23,99.69,2211.27,month-to-month,credit_card,5,0
CUST-04495,46,103.83,4921.77,month-to-month,mailed_check,4,1
CUST-04496,24,93.49,2145.05,two_year,electronic_check,5,0
CUST-04497,28,59.14,1640.12,one_year,mailed_check,4,1
CUST-04498,18,106.39,1976.09,month-to-month,mailed_check,7,1
CUST-04499,25,94.2,2382.72,one_year,mailed_check,0,0
CUST-04500,50,94.32,4724.28,one_year,mailed_check,1,0
CUST-04501,39,110.16,4233.26,month-to-month,electronic_check,1,1
CUST-04502,72,79.87,5506.02,month-to-month,electronic_check,6,1
CUST-04503,56,72.86,4280.33,two_year,electronic_check,0,0
CUST-04504,2,109.02,210.94,month-to-month,bank_transfer,0,0
CUST-04505,28,65.45,1787.65,month-to-month,bank_transfer,5,1
CUST-04506,21,101.16,2068.2,one_year,bank_transfer,3,1
CUST-04507,43,25.38,1136.07,month-to-month,credit_card,5,1
CUST-04508,20,20.13,413.2,one_year,mailed_check,2,1
CUST-04509,70,72.83,5076.29,month-to-month,credit_card,0,0
CUST-04510,22,27.36,629.36,month-to-month,mailed_check,4,1
CUST-04511,38,117.65,4270.92,month-to-month,mailed_check,0,1
CUST-04512,9,20.55,192.23,two_year,bank_transfer,3,1
CUST-04513,66,91.81,5793.42,one_year,electronic_check,7,0
CUST-04514,66,44.34,2894.48,two_year,electronic_check,1,0
CUST-04515,58,116.76,6469.78,month-to-month,mailed_check,1,0
CUST-04516,26,58.15,1587.45,one_year,electronic_check,7,1
CUST-04517,5,22.73,118.35,month-to-month,electronic_check,2,1
CUST-04518,52,22.69,1190.07,one_year,credit_card,2,0
CUST-04519,31,75.34,2269.56,month-to-month,mailed_check,5,1
CUST-04520,72,118.67,8353.6,one_year,electronic_check,1,0
CUST-04521,51,117.98,5986.49,month-to-month,electronic_check,0,1
CUST-04522,39,53.73,2058.23,month-to-month,credit_card,6,1
CUST-04523,72,68.27,4680.17,one_year,credit_card,7,0
CUST-04524,58,30.05,1769.87,month-to-month,bank_transfer,7,0
CUST-04525,34,72.22,2483.25,month-to-month,electronic_check,0,1
CUST-04526,2,79.97,166.41,two_year,mailed_check,4,1
CUST-04527,7,45.11,315.01,month-to-month,electronic_check,6,1
CUST-04528,32,81.21,2558.41,one_year,bank_transfer,6,0
CUST-04529,41,109.97,4513.93,two_year,mailed_check,2,0
CUST-04530,3,20.1,58.45,one_year,bank_transfer,3,0
CUST-04531,10,42.89,434.32,month-to-month,mailed_check,1,1
CUST-04532,51,40.99,2147.04,one_year,credit_card,1,0
CUST-04533,55,32.39,1719.64,month-to-month,mailed_check,3,0
CUST-04534,3,36.61,107.84,month-to-month,mailed_check,1,1
CUST-04535,37,82.59,3168.27,one_year,mailed_check,7,0
CUST-04536,6,30.27,181.72,two_year,bank_transfer,0,0
CUST-04537,53,93.85,4990.05,month-to-month,credit_card,4,1
CUST-04538,61,108.7,6778.31,month-to-month,mailed_check,4,0
CUST-04539,63,112.66,7152.79,one_year,credit_card,0,0
CUST-04540,44,86.02,3621.87,month-to-month,mailed_check,3,1
CUST-04541,46,39.74,1883.59,one_year,electronic_check,7,0
CUST-04542,67,28.53,1992.31,month-to-month,electronic_check,0,0
CUST-04543,45,43.2,1857.26,month-to-month,electronic_check,1,0
CUST-04544,33,116.2,3689.23,one_year,credit_card,1,0
CUST-04545,55,116.23,6522.02,two_year,electronic_check,0,1
CUST-04546,43,58.19,2528.39,month-to-month,electronic_check,7,0
CUST-04547,61,52.58,3169.65,two_year,electronic_check,0,0
CUST-04548,38,71.0,2708.63,month-to-month,bank_transfer,2,0
CUST-04549,63,49.17,3160.62,month-to-month,credit_card,6,1
CUST-04550,4,117.97,472.08,month-to-month,credit_card,7,1
CUST-04551,3,42.12,121.82,month-to-month,electronic_check,1,0
CUST-04552,8,56.91,436.62,one_year,mailed_check,2,0
CUST-04553,41,62.94,2564.64,month-to-month,electronic_check,1,0
CUST-04554,52,32.51,1761.81,month-to-month,credit_card,1,0
CUST-04555,16,58.28,937.91,month-to-month,electronic_check,7,1
CUST-04556,12,105.67,1250.1,two_year,credit_card,2,0
CUST-04557,62,34.04,2196.48,two_year,credit_card,4,0
CUST-04558,55,78.4,4264.1,month-to-month,bank_transfer,1,1
CUST-04559,47,60.66,2853.8,month-to-month,bank_transfer,2,1
CUST-04560,36,37.05,1282.78,two_year,electronic_check,2,0
CUST-04561,31,21.23,673.87,month-to-month,electronic_check,4,1
CUST-04562,2,47.33,96.56,two_year,mailed_check,7,0
CUST-04563,14,26.18,377.35,one_year,electronic_check,1,0
CUST-04564,65,57.68,3683.46,two_year,bank_transfer,5,0
CUST-04565,25,101.02,2509.37,month-to-month,mailed_check,3,1
CUST-04566,51,91.97,4534.83,month-to-month,credit_card,6,0
CUST-04567,51,114.74,6123.47,month-to-month,credit_card,2,0
CUST-04568,23,62.7,1382.44,month-to-month,electronic_check,3,1
CUST-04569,15,90.78,1381.99,month-to-month,electronic_check,4,1
CUST-04570,50,86.53,4415.52,two_year,mailed_check,3,0
CUST-04571,7,41.7,281.94,month-to-month,electronic_check,6,1
CUST-04572,36,50.36,1788.48,month-to-month,bank_transfer,0,0
CUST-04573,64,72.98,4457.51,month-to-month,bank_transfer,2,0
CUST-04574,52,99.67,5211.96,month-to-month,bank_transfer,1,0
CUST-04575,56,66.18,3889.58,month-to-month,mailed_check,1,0
CUST-04576,6,42.77,254.85,month-to-month,credit_card,0,1
CUST-04577,15,119.35,1877.92,one_year,bank_transfer,2,1
CUST-04578,20,31.56,607.57,two_year,credit_card,1,0
CUST-04579,22,115.59,2515.61,month-to-month,credit_card,6,0
CUST-04580,14,100.9,1469.45,one_year,bank_transfer,4,1
CUST-04581,70,103.89,7546.2,month-to-month,electronic_check,6,1
CUST-04582,12,99.49,1172.84,month-to-month,credit_card,7,1
CUST-04583,51,40.82,2118.85,two_year,electronic_check,6,1
CUST-04584,43,83.26,3718.35,two_year,mailed_check,3,0
CUST-04585,44,95.67,4322.05,month-to-month,mailed_check,7,1
CUST-04586,16,94.57,1532.54,month-to-month,electronic_check,3,1
CUST-04587,23,47.16,1046.92,month-to-month,electronic_check,6,0
CUST-04588,44,38.11,1605.32,month-to-month,electronic_check,1,1
CUST-04589,22,52.81,1175.19,one_year,credit_card,7,0
CUST-04590,50,67.98,3399.32,month-to-month,bank_transfer,2,0
CUST-04591,3,77.38,226.05,two_year,credit_card,5,1
CUST-04592,6,103.7,609.28,one_year,credit_card,2,0
CUST-04593,53,96.9,5080.46,month-to-month,mailed_check,1,0
CUST-04594,45,87.62,3940.91,two_year,bank_transfer,2,0
CUST-04595,4,46.35,183.36,one_year,bank_transfer,4,1
CUST-04596,65,67.89,4362.99,month-to-month,electronic_check,0,1
CUST-04597,1,53.54,51.49,month-to-month,credit_card,1,1
CUST-04598,69,43.49,3110.72,two_year,credit_card,7,0
CUST-04599,53,21.02,1126.46,two_year,electronic_check,0,0
CUST-04600,72,53.95,3746.67,month-to-month,credit_card,5,0
CUST-04601,69,45.61,3123.24,one_year,electronic_check,2,0
CUST-04602,23,77.19,1760.59,two_year,credit_card,2,1
CUST-04603,55,26.23,1457.18,two_year,bank_transfer,2,0
CUST-04604,16,47.05,761.03,month-to-month,electronic_check,3,0
CUST-04605,34,24.48,844.3,month-to-month,credit_card,5,1
CUST-04606,18,84.14,1544.53,two_year,mailed_check,6,0
CUST-04607,35,76.82,2582.02,month-to-month,electronic_check,2,0
CUST-04608,63,53.75,3320.07,month-to-month,credit_card,1,0
CUST-04609,32,34.73,1057.83,one_year,bank_transfer,0,1
CUST-04610,7,115.79,806.87,month-to-month,mailed_check,5,1
CUST-04611,24,78.44,1869.26,one_year,bank_transfer,7,0
CUST-04612,57,87.91,5128.37,month-to-month,electronic_check,0,0
CUST-04613,38,73.13,2686.61,one_year,electronic_check,4,0
CUST-04614,41,100.65,4181.05,month-to-month,bank_transfer,1,0
CUST-04615,32,109.64,3440.6,two_year,electronic_check,1,0
CUST-04616,22,58.27,1266.83,month-to-month,mailed_check,6,0
CUST-04617,44,89.0,4001.99,month-to-month,credit_card,2,1
CUST-04618,46,42.99,1892.76,two_year,credit_card,2,0
CUST-04619,65,85.19,5450.01,one_year,mailed_check,0,0
CUST-04620,45,59.92,2666.9,month-to-month,bank_transfer,7,0
CUST-04621,72,20.68,1520.95,month-to-month,credit_card,7,0
CUST-04622,60,115.55,6724.63,one_year,credit_card,7,1
CUST-04623,6,106.84,669.75,two_year,electronic_check,1,1
CUST-04624,29,49.08,1494.28,month-to-month,mailed_check,1,0
CUST-04625,28,119.78,3460.67,two_year,electronic_check,7,1
CUST-04626,1,51.71,50.68,month-to-month,electronic_check,4,1
CUST-04627,14,65.88,937.5,one_year,electronic_check,2,0
CUST-04628,55,105.13,5540.9,month-to-month,bank_transfer,0,1
CUST-04629,26,50.46,1360.66,month-to-month,credit_card,6,1
CUST-04630,11,65.05,716.74,two_year,credit_card,6,1
CUST-04631,21,86.56,1758.92,month-to-month,mailed_check,0,1
CUST-04632,20,33.05,649.53,two_year,mailed_check,3,0
CUST-04633,13,62.24,833.39,month-to-month,electronic_check,3,1
CUST-04634,8,50.94,422.62,month-to-month,electronic_check,3,1
CUST-04635,56,87.68,4919.62,two_year,electronic_check,2,0
CUST-04636,60,33.6,2011.85,one_year,credit_card,2,0
CUST-04637,36,43.27,1596.89,month-to-month,electronic_check,2,0
CUST-04638,45,91.14,4234.97,one_year,bank_transfer,7,0
CUST-04639,67,35.62,2449.91,month-to-month,electronic_check,7,0
CUST-04640,61,62.2,3750.47,two_year,mailed_check,0,0
CUST-04641,3,91.29,277.75,month-to-month,credit_card,5,1
CUST-04642,69,96.55,6899.8,month-to-month,credit_card,4,1
CUST-04643,5,29.49,142.31,month-to-month,electronic_check,2,0
CUST-04644,2,105.2,208.05,one_year,credit_card,1,0
CUST-04645,30,92.4,2649.02,two_year,electronic_check,6,0
CUST-04646,54,53.93,2885.65,two_year,credit_card,2,0
CUST-04647,6,96.38,594.03,month-to-month,electronic_check,1,0
CUST-04648,22,92.83,1980.38,month-to-month,mailed_check,7,1
CUST-04649,19,80.09,1528.07,month-to-month,bank_transfer,7,1
CUST-04650,29,75.85,2097.66,two_year,credit_card,3,0
CUST-04651,71,93.47,6900.29,month-to-month,credit_card,3,0
CUST-04652,24,119.93,2970.33,one_year,electronic_check,3,1
CUST-04653,16,77.86,1248.72,month-to-month,credit_card,1,0
CUST-04654,9,100.87,926.53,two_year,electronic_check,0,0
CUST-04655,15,94.43,1360.31,month-to-month,electronic_check,2,1
CUST-04656,10,105.58,1092.26,month-to-month,electronic_check,3,1
CUST-04657,42,115.45,4953.38,two_year,electronic_check,1,0
CUST-04658,31,39.31,1172.25,two_year,electronic_check,0,0
CUST-04659,36,36.55,1378.9,one_year,bank_transfer,7,0
CUST-04660,60,78.64,4492.84,one_year,electronic_check,7,0
CUST-04661,42,64.93,2762.08,one_year,bank_transfer,2,1
CUST-04662,12,77.07,894.51,month-to-month,electronic_check,4,1
CUST-04663,28,99.8,2855.79,month-to-month,bank_transfer,1,0
CUST-04664,23,113.17,2491.12,one_year,electronic_check,7,0
CUST-04665,60,61.74,3549.31,one_year,electronic_check,6,1
CUST-04666,23,91.79,2104.13,month-to-month,bank_transfer,1,1
CUST-04667,10,39.68,416.4,month-to-month,credit_card,1,1
CUST-04668,53,73.46,3806.12,one_year,credit_card,2,0
CUST-04669,31,22.18,695.33,month-to-month,mailed_check,0,1
CUST-04670,7,70.38,493.54,one_year,credit_card,2,0
CUST-04671,50,74.53,3854.18,one_year,bank_transfer,5,0
CUST-04672,16,93.54,1465.07,month-to-month,credit_card,5,1
CUST-04673,63,84.95,5381.16,month-to-month,electronic_check,0,0
CUST-04674,60,55.84,3501.36,month-to-month,electronic_check,2,0
CUST-04675,27,20.57,546.17,month-to-month,electronic_check,6,1
CUST-04676,41,31.55,1285.65,one_year,credit_card,6,0
CUST-04677,41,117.31,4996.55,one_year,electronic_check,4,0
CUST-04678,48,112.23,5296.96,two_year,electronic_check,5,0
CUST-04679,5,52.51,259.41,month-to-month,bank_transfer,1,1
CUST-04680,24,45.89,1079.68,one_year,credit_card,6,0
CUST-04681,13,63.64,852.95,month-to-month,mailed_check,3,1
CUST-04682,51,88.99,4734.03,two_year,bank_transfer,5,1
CUST-04683,5,55.68,282.06,month-to-month,electronic_check,2,1
CUST-04684,38,26.73,1028.27,one_year,credit_card,1,0
CUST-04685,53,60.28,3159.67,month-to-month,electronic_check,4,0
CUST-04686,69,46.06,3023.13,month-to-month,electronic_check,4,0
CUST-04687,21,52.49,1066.41,two_year,mailed_check,4,1
CUST-04688,1,36.3,35.02,month-to-month,electronic_check,6,1
CUST-04689,53,85.88,4377.01,month-to-month,bank_transfer,6,1
CUST-04690,1,72.66,73.78,one_year,bank_transfer,2,0
CUST-04691,5,47.09,226.87,month-to-month,electronic_check,3,1
CUST-04692,72,75.39,5202.9,month-to-month,electronic_check,0,0
CUST-04693,63,69.27,4312.82,month-to-month,electronic_check,6,1
CUST-04694,51,99.6,4951.99,month-to-month,electronic_check,1,0
CUST-04695,61,115.6,6801.78,two_year,credit_card,0,0
CUST-04696,6,33.07,191.38,one_year,bank_transfer,4,0
CUST-04697,7,108.39,740.24,month-to-month,electronic_check,7,1
CUST-04698,22,90.48,1997.89,month-to-month,electronic_check,3,1
CUST-04699,2,89.26,183.12,two_year,credit_card,1,0
CUST-04700,64,57.43,3805.19,two_year,credit_card,1,0
CUST-04701,5,54.39,278.79,month-to-month,credit_card,6,1
CUST-04702,40,20.56,833.1,one_year,electronic_check,5,0
CUST-04703,62,118.22,7628.45,month-to-month,mailed_check,3,0
CUST-04704,53,80.65,4282.92,month-to-month,electronic_check,7,1
CUST-04705,17,60.23,1037.61,two_year,credit_card,0,0
CUST-04706,34,74.38,2506.46,two_year,mailed_check,4,0
CUST-04707,40,24.05,945.5,month-to-month,bank_transfer,2,0
CUST-04708,56,37.37,2057.23,two_year,electronic_check,1,0
CUST-04709,31,82.34,2462.65,one_year,bank_transfer,7,0
CUST-04710,21,71.43,1544.44,one_year,electronic_check,7,1
CUST-04711,58,98.71,5470.48,one_year,credit_card,6,0
CUST-04712,64,85.87,5591.96,month-to-month,electronic_check,1,1
CUST-04713,36,80.14,2990.32,two_year,credit_card,5,1
CUST-04714,3,101.53,304.5,month-to-month,electronic_check,2,1
CUST-04715,37,26.83,949.91,month-to-month,bank_transfer,3,1
CUST-04716,65,89.09,5749.31,month-to-month,bank_transfer,1,0
CUST-04717,72,91.56,6488.9,two_year,mailed_check,4,0
CUST-04718,29,47.52,1444.88,month-to-month,electronic_check,6,1
CUST-04719,11,39.56,443.54,month-to-month,mailed_check,1,1
CUST-04720,42,41.39,1776.66,one_year,electronic_check,4,0
CUST-04721,60,39.81,2392.63,month-to-month,bank_transfer,5,1
CUST-04722,69,72.38,5098.68,month-to-month,electronic_check,5,1
CUST-04723,4,33.56,137.24,month-to-month,electronic_check,2,1
CUST-04724,21,85.93,1726.25,one_year,electronic_check,0,0
CUST-04725,35,30.51,1038.15,month-to-month,electronic_check,6,1
CUST-04726,8,22.69,172.67,month-to-month,electronic_check,4,1
CUST-04727,64,51.93,3326.72,month-to-month,bank_transfer,5,1
CUST-04728,9,39.19,365.93,two_year,electronic_check,4,0
CUST-04729,48,118.87,5768.09,one_year,credit_card,3,0
CUST-04730,67,50.3,3370.15,month-to-month,bank_transfer,2,0
CUST-04731,50,42.21,2200.21,two_year,mailed_check,5,1
CUST-04732,55,39.68,2110.7,two_year,credit_card,6,0
CUST-04733,19,57.39,1043.94,one_year,bank_transfer,2,1
CUST-04734,60,80.58,5036.86,month-to-month,bank_transfer,0,1
CUST-04735,31,98.19,3166.64,month-to-month,electronic_check,1,1
CUST-04736,5,56.46,287.45,one_year,bank_transfer,4,1
CUST-04737,27,82.6,2173.47,month-to-month,electronic_check,1,0
CUST-04738,26,68.21,1856.66,month-to-month,mailed_check,6,1
CUST-04739,38,104.65,4082.2,month-to-month,electronic_check,2,1
CUST-04740,20,76.9,1564.83,month-to-month,mailed_check,3,1
CUST-04741,34,48.99,1619.48,one_year,bank_transfer,1,1
CUST-04742,31,90.36,2804.79,month-to-month,electronic_check,3,0
CUST-04743,24,102.01,2527.13,one_year,electronic_check,5,1
CUST-04744,51,66.54,3516.01,two_year,credit_card,6,0
CUST-04745,22,118.72,2627.88,month-to-month,electronic_check,5,1
CUST-04746,56,107.91,6056.72,month-to-month,electronic_check,4,1
CUST-04747,19,39.7,769.12,month-to-month,electronic_check,3,0
CUST-04748,63,98.68,6234.12,month-to-month,credit_card,2,0
CUST-04749,27,80.1,2144.77,two_year,bank_transfer,7,0
CUST-04750,3,73.48,211.3,one_year,bank_transfer,5,1
CUST-04751,11,71.39,755.96,two_year,credit_card,7,1
CUST-04752,59,105.34,6376.89,two_year,bank_transfer,5,0
CUST-04753,63,81.09,4865.67,month-to-month,credit_card,0,1
CUST-04754,16,73.77,1127.49,one_year,bank_transfer,2,0
CUST-04755,44,24.89,1139.29,month-to-month,credit_card,3,0
CUST-04756,42,64.83,2778.42,month-to-month,bank_transfer,2,1
CUST-04757,10,110.8,1053.11,month-to-month,electronic_check,7,0
CUST-04758,33,91.17,2952.18,month-to-month,electronic_check,3,0
CUST-04759,50,25.1,1287.81,one_year,electronic_check,1,1
CUST-04760,70,108.4,7525.42,one_year,mailed_check,4,1
CUST-04761,62,102.67,6345.48,month-to-month,credit_card,3,0
CUST-04762,8,74.67,594.89,month-to-month,bank_transfer,1,1
CUST-04763,18,22.24,388.41,one_year,bank_transfer,7,1
CUST-04764,32,76.24,2493.79,one_year,bank_transfer,7,0
CUST-04765,11,25.46,268.93,one_year,credit_card,6,1
CUST-04766,42,52.04,2187.18,month-to-month,bank_transfer,2,1
CUST-04767,1,82.89,80.16,month-to-month,electronic_check,6,1
CUST-04768,9,111.29,956.2,one_year,mailed_check,2,1
CUST-04769,4,55.78,215.16,one_year,mailed_check,7,0
CUST-04770,22,106.0,2418.18,month-to-month,electronic_check,7,0
CUST-04771,55,111.84,5951.78,month-to-month,electronic_check,1,0
CUST-04772,13,22.1,280.99,month-to-month,electronic_check,2,1
CUST-04773,72,43.94,3049.38,one_year,electronic_check,5,0
CUST-04774,20,90.99,1862.59,month-to-month,electronic_check,1,0
CUST-04775,4,95.68,380.65,one_year,credit_card,6,0
CUST-04776,25,59.24,1546.75,two_year,mailed_check,5,0
CUST-04777,54,85.68,4702.5,month-to-month,credit_card,1,0
CUST-04778,8,81.22,651.77,month-to-month,electronic_check,6,1
CUST-04779,6,93.98,572.7,month-to-month,credit_card,0,1
CUST-04780,62,91.87,5433.92,month-to-month,bank_transfer,3,0
CUST-04781,43,28.59,1284.64,two_year,credit_card,1,0
CUST-04782,25,35.83,936.5,two_year,mailed_check,0,0
CUST-04783,55,33.27,1789.03,month-to-month,bank_transfer,5,0
CUST-04784,61,113.25,6996.76,two_year,mailed_check,1,0
CUST-04785,26,111.35,2808.91,month-to-month,mailed_check,5,1
CUST-04786,41,99.74,4108.8,one_year,bank_transfer,0,1
CUST-04787,1,31.67,32.53,one_year,electronic_check,7,0
CUST-04788,23,77.43,1859.15,month-to-month,electronic_check,7,0
CUST-04789,43,38.72,1638.32,month-to-month,credit_card,2,1
CUST-04790,15,56.84,869.07,one_year,electronic_check,3,0
CUST-04791,72,46.71,3435.84,month-to-month,bank_transfer,4,0
CUST-04792,70,102.89,7001.67,two_year,electronic_check,4,0
CUST-04793,19,34.45,662.9,month-to-month,mailed_check,0,1
CUST-04794,29,84.62,2492.06,month-to-month,electronic_check,7,1
CUST-04795,14,118.39,1701.22,two_year,mailed_check,7,1
CUST-04796,37,88.71,3446.19,month-to-month,credit_card,3,1
CUST-04797,9,27.92,239.76,month-to-month,credit_card,4,1
CUST-04798,29,110.78,3117.12,month-to-month,electronic_check,1,1
CUST-04799,40,84.31,3252.63,month-to-month,electronic_check,5,1
CUST-04800,45,65.63,2851.34,month-to-month,credit_card,4,0
CUST-04801,43,85.97,3679.76,month-to-month,electronic_check,2,0
CUST-04802,16,107.9,1791.82,month-to-month,electronic_check,2,1
CUST-04803,58,67.71,3907.2,month-to-month,mailed_check,0,0
CUST-04804,50,73.13,3718.21,two_year,credit_card,6,0
CUST-04805,55,65.24,3544.14,two_year,electronic_check,0,0
CUST-04806,34,27.26,910.1,month-to-month,electronic_check,4,1
CUST-04807,65,98.71,6630.4,two_year,credit_card,6,1
CUST-04808,29,32.64,961.32,two_year,credit_card,0,0
CUST-04809,59,59.46,3455.66,two_year,bank_transfer,1,0
CUST-04810,15,58.68,916.69,one_year,bank_transfer,6,0
CUST-04811,18,48.0,863.94,month-to-month,credit_card,6,1
CUST-04812,38,60.25,2218.16,month-to-month,bank_transfer,0,1
CUST-04813,41,81.8,3348.21,two_year,bank_transfer,2,0
CUST-04814,54,51.14,2809.73,month-to-month,mailed_check,4,1
CUST-04815,22,37.25,808.64,two_year,electronic_check,4,0
CUST-04816,63,106.94,6968.62,one_year,credit_card,4,0
CUST-04817,24,117.08,2819.31,month-to-month,bank_transfer,2,1
CUST-04818,39,65.86,2560.2,month-to-month,electronic_check,4,1
CUST-04819,68,52.7,3712.29,two_year,bank_transfer,0,0
CUST-04820,39,24.75,961.6,month-to-month,credit_card,6,1
CUST-04821,50,23.69,1174.12,one_year,electronic_check,4,0
CUST-04822,66,59.29,3757.95,two_year,bank_transfer,2,1
CUST-04823,71,113.02,7914.37,month-to-month,electronic_check,2,1
CUST-04824,36,93.07,3316.06,month-to-month,bank_transfer,2,0
CUST-04825,31,54.93,1648.35,month-to-month,credit_card,3,1
CUST-04826,15,116.8,1767.46,two_year,credit_card,1,0
CUST-04827,39,62.88,2364.82,month-to-month,credit_card,4,0
CUST-04828,67,47.68,3106.24,month-to-month,bank_transfer,1,1
CUST-04829,36,62.64,2268.65,month-to-month,mailed_check,2,0
CUST-04830,26,41.15,1045.29,month-to-month,bank_transfer,6,0
CUST-04831,8,108.56,880.64,month-to-month,electronic_check,4,1
CUST-04832,29,56.12,1658.41,month-to-month,mailed_check,7,1
CUST-04833,18,85.8,1513.66,two_year,mailed_check,5,0
CUST-04834,71,58.9,4009.67,month-to-month,mailed_check,6,0
CUST-04835,38,110.17,4182.16,two_year,mailed_check,0,1
CUST-04836,10,84.24,808.09,two_year,mailed_check,4,0
CUST-04837,5,68.83,344.65,one_year,electronic_check,2,1
CUST-04838,62,33.21,2105.87,one_year,electronic_check,0,0
CUST-04839,68,110.19,7583.2,month-to-month,mailed_check,0,0
CUST-04840,55,74.68,4086.24,one_year,electronic_check,1,0
CUST-04841,9,48.51,456.01,month-to-month,credit_card,0,1
CUST-04842,8,107.79,828.0,month-to-month,electronic_check,3,1
CUST-04843,15,25.44,396.16,one_year,credit_card,0,0
CUST-04844,55,51.41,2912.28,month-to-month,electronic_check,6,1
CUST-04845,56,73.68,4093.12,month-to-month,credit_card,4,0
CUST-04846,61,53.98,3178.56,one_year,bank_transfer,7,0
CUST-04847,7,67.67,457.41,month-to-month,credit_card,0,0
CUST-04848,12,46.43,580.68,month-to-month,credit_card,0,0
CUST-04849,65,33.01,2088.41,month-to-month,bank_transfer,6,0
CUST-04850,67,23.69,1646.29,month-to-month,electronic_check,3,1
CUST-04851,53,35.76,1896.15,month-to-month,mailed_check,6,1
CUST-04852,8,115.29,918.83,month-to-month,electronic_check,1,1
CUST-04853,5,77.54,392.34,month-to-month,credit_card,0,1
CUST-04854,5,68.9,334.66,one_year,credit_card,3,0
CUST-04855,50,58.43,2900.69,two_year,electronic_check,4,0
CUST-04856,61,90.84,5784.34,one_year,bank_transfer,0,0
CUST-04857,46,34.13,1528.71,month-to-month,electronic_check,0,1
CUST-04858,19,47.61,942.79,one_year,bank_transfer,1,0
CUST-04859,55,85.59,4940.11,two_year,bank_transfer,0,0
CUST-04860,5,67.91,324.32,two_year,mailed_check,7,1
CUST-04861,60,97.01,5838.82,month-to-month,credit_card,7,1
CUST-04862,65,109.71,6897.18,month-to-month,electronic_check,0,1
CUST-04863,52,102.34,5386.31,month-to-month,credit_card,3,1
CUST-04864,64,38.42,2579.3,one_year,bank_transfer,3,0
CUST-04865,43,29.15,1303.06,month-to-month,electronic_check,0,0
CUST-04866,34,36.94,1309.46,two_year,mailed_check,5,1
CUST-04867,24,98.35,2292.81,month-to-month,electronic_check,6,1
CUST-04868,67,111.38,7494.25,one_year,bank_transfer,4,0
CUST-04869,51,112.54,5587.59,month-to-month,credit_card,7,0
CUST-04870,14,49.82,725.36,month-to-month,electronic_check,5,1
CUST-04871,69,104.03,6956.65,month-to-month,electronic_check,4,1
CUST-04872,5,73.62,355.38,one_year,mailed_check,7,1
CUST-04873,43,102.28,4183.45,month-to-month,electronic_check,5,0
CUST-04874,14,74.84,1014.39,month-to-month,electronic_check,6,0
CUST-04875,48,34.59,1608.78,one_year,bank_transfer,6,0
CUST-04876,30,27.92,802.27,two_year,mailed_check,0,0
CUST-04877,32,115.72,3839.28,one_year,credit_card,5,0
CUST-04878,49,62.58,3152.29,one_year,mailed_check,5,0
CUST-04879,55,55.05,2953.52,month-to-month,bank_transfer,3,0
CUST-04880,28,55.63,1601.77,two_year,mailed_check,4,1
CUST-04881,72,57.89,4135.88,month-to-month,electronic_check,6,1
CUST-04882,36,114.5,4235.56,two_year,mailed_check,1,0
CUST-04883,12,26.27,309.67,two_year,bank_transfer,4,0
CUST-04884,1,31.91,32.11,month-to-month,credit_card,6,0
CUST-04885,15,98.97,1466.9,month-to-month,electronic_check,2,0
CUST-04886,50,74.94,3630.02,one_year,mailed_check,2,0
CUST-04887,39,32.85,1292.27,one_year,bank_transfer,0,0
CUST-04888,25,23.45,600.85,one_year,electronic_check,2,0
CUST-04889,35,42.42,1522.4,two_year,credit_card,2,0
CUST-04890,61,46.08,2770.55,month-to-month,electronic_check,7,1
CUST-04891,42,21.42,901.38,month-to-month,credit_card,0,0
CUST-04892,5,41.61,213.53,one_year,mailed_check,5,0
CUST-04893,4,93.83,358.61,month-to-month,electronic_check,0,1
CUST-04894,35,105.54,3535.87,one_year,bank_transfer,6,0
CUST-04895,30,109.82,3253.93,two_year,electronic_check,3,1
CUST-04896,62,58.99,3556.33,month-to-month,bank_transfer,3,1
CUST-04897,42,51.94,2154.19,two_year,credit_card,7,0
CUST-04898,55,119.99,6331.14,two_year,bank_transfer,5,0
CUST-04899,43,96.93,4206.51,month-to-month,electronic_check,0,0
CUST-04900,25,73.74,1875.04,two_year,mailed_check,2,0
CUST-04901,48,45.48,2246.61,one_year,mailed_check,2,0
CUST-04902,45,52.13,2381.19,month-to-month,bank_transfer,4,1
CUST-04903,52,71.54,3681.35,month-to-month,bank_transfer,6,1
CUST-04904,14,74.21,1084.1,month-to-month,mailed_check,5,1
CUST-04905,47,21.37,1027.02,one_year,bank_transfer,3,0
CUST-04906,21,115.94,2441.48,month-to-month,bank_transfer,5,0
CUST-04907,57,77.56,4291.36,month-to-month,bank_transfer,6,0
CUST-04908,58,78.92,4645.31,two_year,electronic_check,0,0
CUST-04909,45,41.15,1868.6,one_year,mailed_check,4,0
CUST-04910,69,96.5,6780.48,one_year,mailed_check,5,1
CUST-04911,39,93.73,3758.09,two_year,credit_card,4,0
CUST-04912,2,29.52,61.48,month-to-month,credit_card,1,1
CUST-04913,44,79.5,3655.05,month-to-month,credit_card,1,1
CUST-04914,56,85.82,4868.45,one_year,electronic_check,2,0
CUST-04915,8,103.56,867.06,month-to-month,bank_transfer,2,1
CUST-04916,8,40.61,338.24,month-to-month,credit_card,7,1
CUST-04917,20,107.76,2048.07,one_year,electronic_check,4,0
CUST-04918,61,66.15,4090.56,month-to-month,electronic_check,6,1
CUST-04919,38,29.65,1090.56,month-to-month,electronic_check,0,1
CUST-04920,71,30.56,2125.47,one_year,bank_transfer,6,0
CUST-04921,63,39.78,2455.42,one_year,mailed_check,1,0
CUST-04922,40,48.28,1927.75,month-to-month,electronic_check,4,0
CUST-04923,49,69.64,3245.48,month-to-month,mailed_check,3,0
CUST-04924,24,94.88,2216.84,two_year,bank_transfer,6,1
CUST-04925,7,38.67,257.96,two_year,credit_card,5,0
CUST-04926,29,119.27,3510.76,month-to-month,bank_transfer,3,1
CUST-04927,43,36.15,1615.06,month-to-month,credit_card,4,1
CUST-04928,14,79.94,1174.84,one_year,bank_transfer,5,0
CUST-04929,16,112.89,1797.01,month-to-month,credit_card,5,0
CUST-04930,2,103.25,201.55,month-to-month,mailed_check,4,0
CUST-04931,53,84.79,4652.49,month-to-month,credit_card,5,1
CUST-04932,65,91.55,5720.51,month-to-month,credit_card,6,1
CUST-04933,60,33.42,2100.33,month-to-month,bank_transfer,0,1
CUST-04934,28,20.97,599.67,month-to-month,mailed_check,2,0
CUST-04935,43,63.41,2727.91,two_year,electronic_check,7,0
CUST-04936,70,28.95,1944.89,month-to-month,electronic_check,2,0
CUST-04937,43,55.78,2282.78,month-to-month,electronic_check,6,0
CUST-04938,22,42.37,936.39,month-to-month,electronic_check,4,1
CUST-04939,25,111.63,2766.82,two_year,mailed_check,2,0
CUST-04940,53,108.01,5920.45,month-to-month,electronic_check,2,0
CUST-04941,33,101.89,3410.36,month-to-month,credit_card,3,1
CUST-04942,61,91.39,5537.09,one_year,bank_transfer,0,0
CUST-04943,63,35.41,2169.53,one_year,credit_card,2,0
CUST-04944,3,24.84,74.36,two_year,mailed_check,5,0
CUST-04945,53,85.39,4373.09,month-to-month,electronic_check,7,0
CUST-04946,27,84.23,2312.08,month-to-month,electronic_check,7,1
CUST-04947,38,56.94,2186.69,month-to-month,credit_card,3,1
CUST-04948,20,67.27,1387.09,one_year,electronic_check,6,0
CUST-04949,27,68.91,1851.31,month-to-month,bank_transfer,3,1
CUST-04950,24,43.99,1032.46,month-to-month,electronic_check,6,0
CUST-04951,4,51.42,212.59,month-to-month,mailed_check,7,0
CUST-04952,57,61.84,3592.14,two_year,electronic_check,3,0
CUST-04953,11,80.32,901.76,month-to-month,mailed_check,4,1
CUST-04954,28,115.58,3245.38,month-to-month,electronic_check,6,1
CUST-04955,14,73.85,1072.75,two_year,credit_card,1,1
CUST-04956,12,93.12,1086.98,one_year,electronic_check,1,0
CUST-04957,27,100.7,2692.17,one_year,electronic_check,5,1
CUST-04958,67,31.35,2162.73,one_year,electronic_check,1,0
CUST-04959,68,85.31,5588.32,month-to-month,credit_card,6,0
CUST-04960,28,68.21,1968.76,two_year,bank_transfer,2,0
CUST-04961,37,77.24,2815.87,month-to-month,bank_transfer,2,1
CUST-04962,71,23.84,1629.37,two_year,mailed_check,6,1
CUST-04963,17,110.62,1801.42,month-to-month,credit_card,4,1
CUST-04964,69,115.28,8227.06,one_year,electronic_check,6,0
CUST-04965,8,20.35,167.32,month-to-month,credit_card,5,1
CUST-04966,17,41.28,686.87,month-to-month,credit_card,4,0
CUST-04967,25,38.02,914.02,month-to-month,electronic_check,4,0
CUST-04968,3,98.13,286.95,one_year,electronic_check,6,1
CUST-04969,59,79.81,4573.53,month-to-month,mailed_check,7,0
CUST-04970,62,37.73,2393.99,two_year,electronic_check,0,0
CUST-04971,28,101.4,2758.36,month-to-month,electronic_check,4,1
CUST-04972,61,55.35,3280.35,one_year,mailed_check,6,0
CUST-04973,56,66.09,3527.7,one_year,electronic_check,5,0
CUST-04974,58,58.73,3439.37,month-to-month,bank_transfer,3,0
CUST-04975,58,72.14,4263.07,one_year,mailed_check,6,0
CUST-04976,42,68.01,2900.44,one_year,bank_transfer,3,0
CUST-04977,8,47.46,382.27,one_year,mailed_check,1,0
CUST-04978,67,62.46,4379.56,one_year,mailed_check,2,0
CUST-04979,44,110.83,4863.39,one_year,mailed_check,0,0
CUST-04980,65,70.29,4733.35,month-to-month,credit_card,5,0
CUST-04981,70,111.64,7928.81,month-to-month,mailed_check,7,1
CUST-04982,14,75.01,1006.51,month-to-month,bank_transfer,3,1
CUST-04983,29,96.88,2896.69,one_year,credit_card,5,0
CUST-04984,14,49.36,696.86,two_year,bank_transfer,7,1
CUST-04985,4,99.04,402.25,month-to-month,electronic_check,3,1
CUST-04986,70,46.43,3146.32,month-to-month,electronic_check,7,1
CUST-04987,67,21.95,1461.79,month-to-month,bank_transfer,0,1
CUST-04988,68,36.07,2546.31,one_year,bank_transfer,5,0
CUST-04989,64,22.17,1378.21,one_year,bank_transfer,1,0
CUST-04990,47,114.71,5121.7,one_year,bank_transfer,6,0
CUST-04991,38,120.0,4449.34,one_year,electronic_check,0,0
CUST-04992,72,96.22,6919.43,one_year,bank_transfer,6,0
CUST-04993,40,30.81,1272.11,month-to-month,bank_transfer,3,1
CUST-04994,47,109.89,5239.05,month-to-month,credit_card,1,0
CUST-04995,16,94.38,1573.32,month-to-month,bank_transfer,4,1
CUST-04996,54,53.22,2861.35,two_year,mailed_check,7,0
CUST-04997,60,70.23,4167.66,one_year,bank_transfer,1,0
CUST-04998,49,86.18,4109.21,month-to-month,bank_transfer,2,1
CUST-04999,36,22.41,783.84,month-to-month,electronic_check,5,1
